last_update,number,contract_name,name,address,position,banking,bonus,bike_stands,available_bike_stands,available_bikes,status
2024-03-30 07:13:13,1,maribor,GOSPOSVETSKA C. - TURNERJEVA UL.,Gosposvetska cesta 69,"{'lat': 46.562695, 'lng': 15.62935}",False,False,22,17,5,OPEN
2024-03-30 08:13:44,1,maribor,GOSPOSVETSKA C. - TURNERJEVA UL.,Gosposvetska cesta 69,"{'lat': 46.562695, 'lng': 15.62935}",False,False,22,18,4,OPEN
2024-03-30 09:04:14,1,maribor,GOSPOSVETSKA C. - TURNERJEVA UL.,Gosposvetska cesta 69,"{'lat': 46.562695, 'lng': 15.62935}",False,False,22,22,0,OPEN
2024-03-30 10:14:49,1,maribor,GOSPOSVETSKA C. - TURNERJEVA UL.,Gosposvetska cesta 69,"{'lat': 46.562695, 'lng': 15.62935}",False,False,22,20,2,OPEN
2024-03-30 11:05:18,1,maribor,GOSPOSVETSKA C. - TURNERJEVA UL.,Gosposvetska cesta 69,"{'lat': 46.562695, 'lng': 15.62935}",False,False,22,20,2,OPEN
2024-03-30 12:17:50,1,maribor,GOSPOSVETSKA C. - TURNERJEVA UL.,Gosposvetska cesta 69,"{'lat': 46.562695, 'lng': 15.62935}",False,False,22,19,3,OPEN
2024-03-30 13:11:50,1,maribor,GOSPOSVETSKA C. - TURNERJEVA UL.,Gosposvetska cesta 69,"{'lat': 46.562695, 'lng': 15.62935}",False,False,22,21,1,OPEN
2024-03-30 14:07:58,1,maribor,GOSPOSVETSKA C. - TURNERJEVA UL.,Gosposvetska cesta 69,"{'lat': 46.562695, 'lng': 15.62935}",False,False,22,16,6,OPEN
2024-03-30 15:13:18,1,maribor,GOSPOSVETSKA C. - TURNERJEVA UL.,Gosposvetska cesta 69,"{'lat': 46.562695, 'lng': 15.62935}",False,False,22,15,7,OPEN
2024-03-30 16:08:33,1,maribor,GOSPOSVETSKA C. - TURNERJEVA UL.,Gosposvetska cesta 69,"{'lat': 46.562695, 'lng': 15.62935}",False,False,22,22,0,OPEN
2024-03-30 17:09:36,1,maribor,GOSPOSVETSKA C. - TURNERJEVA UL.,Gosposvetska cesta 69,"{'lat': 46.562695, 'lng': 15.62935}",False,False,22,20,2,OPEN
2024-03-30 18:09:55,1,maribor,GOSPOSVETSKA C. - TURNERJEVA UL.,Gosposvetska cesta 69,"{'lat': 46.562695, 'lng': 15.62935}",False,False,22,22,0,OPEN
2024-03-30 19:10:23,1,maribor,GOSPOSVETSKA C. - TURNERJEVA UL.,Gosposvetska cesta 69,"{'lat': 46.562695, 'lng': 15.62935}",False,False,22,20,2,OPEN
2024-03-30 20:11:00,1,maribor,GOSPOSVETSKA C. - TURNERJEVA UL.,Gosposvetska cesta 69,"{'lat': 46.562695, 'lng': 15.62935}",False,False,22,15,7,OPEN
2024-03-30 21:11:35,1,maribor,GOSPOSVETSKA C. - TURNERJEVA UL.,Gosposvetska cesta 69,"{'lat': 46.562695, 'lng': 15.62935}",False,False,22,13,9,OPEN
2024-03-30 22:12:09,1,maribor,GOSPOSVETSKA C. - TURNERJEVA UL.,Gosposvetska cesta 69,"{'lat': 46.562695, 'lng': 15.62935}",False,False,22,7,15,OPEN
2024-03-30 23:12:40,1,maribor,GOSPOSVETSKA C. - TURNERJEVA UL.,Gosposvetska cesta 69,"{'lat': 46.562695, 'lng': 15.62935}",False,False,22,5,17,OPEN
2024-03-31 01:03:48,1,maribor,GOSPOSVETSKA C. - TURNERJEVA UL.,Gosposvetska cesta 69,"{'lat': 46.562695, 'lng': 15.62935}",False,False,22,13,9,OPEN
2024-03-31 02:17:20,1,maribor,GOSPOSVETSKA C. - TURNERJEVA UL.,Gosposvetska cesta 69,"{'lat': 46.562695, 'lng': 15.62935}",False,False,22,11,11,OPEN
2024-03-31 03:10:58,1,maribor,GOSPOSVETSKA C. - TURNERJEVA UL.,Gosposvetska cesta 69,"{'lat': 46.562695, 'lng': 15.62935}",False,False,22,11,11,OPEN
2024-03-31 04:11:29,1,maribor,GOSPOSVETSKA C. - TURNERJEVA UL.,Gosposvetska cesta 69,"{'lat': 46.562695, 'lng': 15.62935}",False,False,22,11,11,OPEN
2024-03-31 05:12:03,1,maribor,GOSPOSVETSKA C. - TURNERJEVA UL.,Gosposvetska cesta 69,"{'lat': 46.562695, 'lng': 15.62935}",False,False,22,12,10,OPEN
2024-03-31 06:12:37,1,maribor,GOSPOSVETSKA C. - TURNERJEVA UL.,Gosposvetska cesta 69,"{'lat': 46.562695, 'lng': 15.62935}",False,False,22,12,10,OPEN
2024-03-31 07:13:09,1,maribor,GOSPOSVETSKA C. - TURNERJEVA UL.,Gosposvetska cesta 69,"{'lat': 46.562695, 'lng': 15.62935}",False,False,22,12,10,OPEN
2024-03-31 08:16:44,1,maribor,GOSPOSVETSKA C. - TURNERJEVA UL.,Gosposvetska cesta 69,"{'lat': 46.562695, 'lng': 15.62935}",False,False,22,18,4,OPEN
2024-03-31 09:05:20,1,maribor,GOSPOSVETSKA C. - TURNERJEVA UL.,Gosposvetska cesta 69,"{'lat': 46.562695, 'lng': 15.62935}",False,False,22,18,4,OPEN
2024-03-31 10:15:04,1,maribor,GOSPOSVETSKA C. - TURNERJEVA UL.,Gosposvetska cesta 69,"{'lat': 46.562695, 'lng': 15.62935}",False,False,22,18,4,OPEN
2024-03-31 11:05:34,1,maribor,GOSPOSVETSKA C. - TURNERJEVA UL.,Gosposvetska cesta 69,"{'lat': 46.562695, 'lng': 15.62935}",False,False,22,20,2,OPEN
2024-03-31 12:21:30,1,maribor,GOSPOSVETSKA C. - TURNERJEVA UL.,Gosposvetska cesta 69,"{'lat': 46.562695, 'lng': 15.62935}",False,False,22,20,2,OPEN
2024-03-31 13:11:33,1,maribor,GOSPOSVETSKA C. - TURNERJEVA UL.,Gosposvetska cesta 69,"{'lat': 46.562695, 'lng': 15.62935}",False,False,22,20,2,OPEN
2024-03-31 14:07:31,1,maribor,GOSPOSVETSKA C. - TURNERJEVA UL.,Gosposvetska cesta 69,"{'lat': 46.562695, 'lng': 15.62935}",False,False,22,17,5,OPEN
2024-03-31 15:11:09,1,maribor,GOSPOSVETSKA C. - TURNERJEVA UL.,Gosposvetska cesta 69,"{'lat': 46.562695, 'lng': 15.62935}",False,False,22,22,0,OPEN
2024-03-31 16:08:52,1,maribor,GOSPOSVETSKA C. - TURNERJEVA UL.,Gosposvetska cesta 69,"{'lat': 46.562695, 'lng': 15.62935}",False,False,22,20,2,OPEN
2024-03-31 17:09:42,1,maribor,GOSPOSVETSKA C. - TURNERJEVA UL.,Gosposvetska cesta 69,"{'lat': 46.562695, 'lng': 15.62935}",False,False,22,21,1,OPEN
2024-03-31 18:12:22,1,maribor,GOSPOSVETSKA C. - TURNERJEVA UL.,Gosposvetska cesta 69,"{'lat': 46.562695, 'lng': 15.62935}",False,False,22,20,2,OPEN
2024-03-31 19:10:44,1,maribor,GOSPOSVETSKA C. - TURNERJEVA UL.,Gosposvetska cesta 69,"{'lat': 46.562695, 'lng': 15.62935}",False,False,22,21,1,OPEN
2024-03-31 20:11:45,1,maribor,GOSPOSVETSKA C. - TURNERJEVA UL.,Gosposvetska cesta 69,"{'lat': 46.562695, 'lng': 15.62935}",False,False,22,14,8,OPEN
2024-03-31 21:12:03,1,maribor,GOSPOSVETSKA C. - TURNERJEVA UL.,Gosposvetska cesta 69,"{'lat': 46.562695, 'lng': 15.62935}",False,False,22,10,12,OPEN
2024-03-31 22:12:48,1,maribor,GOSPOSVETSKA C. - TURNERJEVA UL.,Gosposvetska cesta 69,"{'lat': 46.562695, 'lng': 15.62935}",False,False,22,13,9,OPEN
2024-03-31 23:03:17,1,maribor,GOSPOSVETSKA C. - TURNERJEVA UL.,Gosposvetska cesta 69,"{'lat': 46.562695, 'lng': 15.62935}",False,False,22,12,10,OPEN
2024-04-01 01:04:33,1,maribor,GOSPOSVETSKA C. - TURNERJEVA UL.,Gosposvetska cesta 69,"{'lat': 46.562695, 'lng': 15.62935}",False,False,22,14,8,OPEN
2024-04-01 02:21:08,1,maribor,GOSPOSVETSKA C. - TURNERJEVA UL.,Gosposvetska cesta 69,"{'lat': 46.562695, 'lng': 15.62935}",False,False,22,9,13,OPEN
2024-04-01 03:11:34,1,maribor,GOSPOSVETSKA C. - TURNERJEVA UL.,Gosposvetska cesta 69,"{'lat': 46.562695, 'lng': 15.62935}",False,False,22,9,13,OPEN
2024-04-01 04:12:06,1,maribor,GOSPOSVETSKA C. - TURNERJEVA UL.,Gosposvetska cesta 69,"{'lat': 46.562695, 'lng': 15.62935}",False,False,22,9,13,OPEN
2024-04-01 05:12:38,1,maribor,GOSPOSVETSKA C. - TURNERJEVA UL.,Gosposvetska cesta 69,"{'lat': 46.562695, 'lng': 15.62935}",False,False,22,9,13,OPEN
2024-04-01 06:13:14,1,maribor,GOSPOSVETSKA C. - TURNERJEVA UL.,Gosposvetska cesta 69,"{'lat': 46.562695, 'lng': 15.62935}",False,False,22,12,10,OPEN
2024-04-01 07:13:48,1,maribor,GOSPOSVETSKA C. - TURNERJEVA UL.,Gosposvetska cesta 69,"{'lat': 46.562695, 'lng': 15.62935}",False,False,22,12,10,OPEN
2024-04-01 08:14:22,1,maribor,GOSPOSVETSKA C. - TURNERJEVA UL.,Gosposvetska cesta 69,"{'lat': 46.562695, 'lng': 15.62935}",False,False,22,14,8,OPEN
2024-04-01 09:14:59,1,maribor,GOSPOSVETSKA C. - TURNERJEVA UL.,Gosposvetska cesta 69,"{'lat': 46.562695, 'lng': 15.62935}",False,False,22,14,8,OPEN
2024-04-01 10:15:34,1,maribor,GOSPOSVETSKA C. - TURNERJEVA UL.,Gosposvetska cesta 69,"{'lat': 46.562695, 'lng': 15.62935}",False,False,22,13,9,OPEN
2024-04-01 11:06:02,1,maribor,GOSPOSVETSKA C. - TURNERJEVA UL.,Gosposvetska cesta 69,"{'lat': 46.562695, 'lng': 15.62935}",False,False,22,14,8,OPEN
2024-04-01 12:26:57,1,maribor,GOSPOSVETSKA C. - TURNERJEVA UL.,Gosposvetska cesta 69,"{'lat': 46.562695, 'lng': 15.62935}",False,False,22,18,4,OPEN
2024-04-01 13:09:10,1,maribor,GOSPOSVETSKA C. - TURNERJEVA UL.,Gosposvetska cesta 69,"{'lat': 46.562695, 'lng': 15.62935}",False,False,22,20,2,OPEN
2024-04-01 14:13:40,1,maribor,GOSPOSVETSKA C. - TURNERJEVA UL.,Gosposvetska cesta 69,"{'lat': 46.562695, 'lng': 15.62935}",False,False,22,21,1,OPEN
2024-04-01 15:08:35,1,maribor,GOSPOSVETSKA C. - TURNERJEVA UL.,Gosposvetska cesta 69,"{'lat': 46.562695, 'lng': 15.62935}",False,False,22,20,2,OPEN
2024-04-01 16:19:16,1,maribor,GOSPOSVETSKA C. - TURNERJEVA UL.,Gosposvetska cesta 69,"{'lat': 46.562695, 'lng': 15.62935}",False,False,22,21,1,OPEN
2024-04-01 17:12:05,1,maribor,GOSPOSVETSKA C. - TURNERJEVA UL.,Gosposvetska cesta 69,"{'lat': 46.562695, 'lng': 15.62935}",False,False,22,20,2,OPEN
2024-04-01 18:16:15,1,maribor,GOSPOSVETSKA C. - TURNERJEVA UL.,Gosposvetska cesta 69,"{'lat': 46.562695, 'lng': 15.62935}",False,False,22,16,6,OPEN
2024-04-01 19:01:15,1,maribor,GOSPOSVETSKA C. - TURNERJEVA UL.,Gosposvetska cesta 69,"{'lat': 46.562695, 'lng': 15.62935}",False,False,22,14,8,OPEN
2024-04-01 20:11:54,1,maribor,GOSPOSVETSKA C. - TURNERJEVA UL.,Gosposvetska cesta 69,"{'lat': 46.562695, 'lng': 15.62935}",False,False,22,13,9,OPEN
2024-04-01 21:12:26,1,maribor,GOSPOSVETSKA C. - TURNERJEVA UL.,Gosposvetska cesta 69,"{'lat': 46.562695, 'lng': 15.62935}",False,False,22,10,12,OPEN
2024-04-01 22:12:58,1,maribor,GOSPOSVETSKA C. - TURNERJEVA UL.,Gosposvetska cesta 69,"{'lat': 46.562695, 'lng': 15.62935}",False,False,22,10,12,OPEN
2024-04-01 23:13:53,1,maribor,GOSPOSVETSKA C. - TURNERJEVA UL.,Gosposvetska cesta 69,"{'lat': 46.562695, 'lng': 15.62935}",False,False,22,9,13,OPEN
2024-04-02 01:04:28,1,maribor,GOSPOSVETSKA C. - TURNERJEVA UL.,Gosposvetska cesta 69,"{'lat': 46.562695, 'lng': 15.62935}",False,False,22,10,12,OPEN
2024-04-02 02:21:00,1,maribor,GOSPOSVETSKA C. - TURNERJEVA UL.,Gosposvetska cesta 69,"{'lat': 46.562695, 'lng': 15.62935}",False,False,22,10,12,OPEN
2024-04-02 03:11:24,1,maribor,GOSPOSVETSKA C. - TURNERJEVA UL.,Gosposvetska cesta 69,"{'lat': 46.562695, 'lng': 15.62935}",False,False,22,10,12,OPEN
2024-04-02 04:11:57,1,maribor,GOSPOSVETSKA C. - TURNERJEVA UL.,Gosposvetska cesta 69,"{'lat': 46.562695, 'lng': 15.62935}",False,False,22,12,10,OPEN
2024-04-02 05:12:37,1,maribor,GOSPOSVETSKA C. - TURNERJEVA UL.,Gosposvetska cesta 69,"{'lat': 46.562695, 'lng': 15.62935}",False,False,22,16,6,OPEN
2024-04-02 06:19:07,1,maribor,GOSPOSVETSKA C. - TURNERJEVA UL.,Gosposvetska cesta 69,"{'lat': 46.562695, 'lng': 15.62935}",False,False,22,16,6,OPEN
2024-04-02 07:14:53,1,maribor,GOSPOSVETSKA C. - TURNERJEVA UL.,Gosposvetska cesta 69,"{'lat': 46.562695, 'lng': 15.62935}",False,False,22,21,1,OPEN
2024-04-02 08:18:14,1,maribor,GOSPOSVETSKA C. - TURNERJEVA UL.,Gosposvetska cesta 69,"{'lat': 46.562695, 'lng': 15.62935}",False,False,22,11,11,OPEN
2024-04-02 09:14:01,1,maribor,GOSPOSVETSKA C. - TURNERJEVA UL.,Gosposvetska cesta 69,"{'lat': 46.562695, 'lng': 15.62935}",False,False,22,17,5,OPEN
2024-04-02 10:16:34,1,maribor,GOSPOSVETSKA C. - TURNERJEVA UL.,Gosposvetska cesta 69,"{'lat': 46.562695, 'lng': 15.62935}",False,False,22,22,0,OPEN
2024-04-02 11:11:34,1,maribor,GOSPOSVETSKA C. - TURNERJEVA UL.,Gosposvetska cesta 69,"{'lat': 46.562695, 'lng': 15.62935}",False,False,22,19,3,OPEN
2024-04-02 12:28:26,1,maribor,GOSPOSVETSKA C. - TURNERJEVA UL.,Gosposvetska cesta 69,"{'lat': 46.562695, 'lng': 15.62935}",False,False,22,19,3,OPEN
2024-04-02 13:16:02,1,maribor,GOSPOSVETSKA C. - TURNERJEVA UL.,Gosposvetska cesta 69,"{'lat': 46.562695, 'lng': 15.62935}",False,False,22,16,6,OPEN
2024-04-02 14:09:42,1,maribor,GOSPOSVETSKA C. - TURNERJEVA UL.,Gosposvetska cesta 69,"{'lat': 46.562695, 'lng': 15.62935}",False,False,22,0,22,OPEN
2024-04-02 15:12:10,1,maribor,GOSPOSVETSKA C. - TURNERJEVA UL.,Gosposvetska cesta 69,"{'lat': 46.562695, 'lng': 15.62935}",False,False,22,2,20,OPEN
2024-04-02 16:19:05,1,maribor,GOSPOSVETSKA C. - TURNERJEVA UL.,Gosposvetska cesta 69,"{'lat': 46.562695, 'lng': 15.62935}",False,False,22,1,21,OPEN
2024-04-02 17:12:13,1,maribor,GOSPOSVETSKA C. - TURNERJEVA UL.,Gosposvetska cesta 69,"{'lat': 46.562695, 'lng': 15.62935}",False,False,22,6,16,OPEN
2024-04-02 18:17:27,1,maribor,GOSPOSVETSKA C. - TURNERJEVA UL.,Gosposvetska cesta 69,"{'lat': 46.562695, 'lng': 15.62935}",False,False,22,2,20,OPEN
2024-04-02 19:11:06,1,maribor,GOSPOSVETSKA C. - TURNERJEVA UL.,Gosposvetska cesta 69,"{'lat': 46.562695, 'lng': 15.62935}",False,False,22,2,20,OPEN
2024-04-02 20:14:41,1,maribor,GOSPOSVETSKA C. - TURNERJEVA UL.,Gosposvetska cesta 69,"{'lat': 46.562695, 'lng': 15.62935}",False,False,22,13,9,OPEN
2024-04-02 21:12:40,1,maribor,GOSPOSVETSKA C. - TURNERJEVA UL.,Gosposvetska cesta 69,"{'lat': 46.562695, 'lng': 15.62935}",False,False,22,3,19,OPEN
2024-04-02 22:16:02,1,maribor,GOSPOSVETSKA C. - TURNERJEVA UL.,Gosposvetska cesta 69,"{'lat': 46.562695, 'lng': 15.62935}",False,False,22,2,20,OPEN
2024-04-02 23:06:34,1,maribor,GOSPOSVETSKA C. - TURNERJEVA UL.,Gosposvetska cesta 69,"{'lat': 46.562695, 'lng': 15.62935}",False,False,22,3,19,OPEN
2024-04-03 00:57:44,1,maribor,GOSPOSVETSKA C. - TURNERJEVA UL.,Gosposvetska cesta 69,"{'lat': 46.562695, 'lng': 15.62935}",False,False,22,9,13,OPEN
2024-04-03 02:21:13,1,maribor,GOSPOSVETSKA C. - TURNERJEVA UL.,Gosposvetska cesta 69,"{'lat': 46.562695, 'lng': 15.62935}",False,False,22,20,2,OPEN
2024-04-03 03:11:42,1,maribor,GOSPOSVETSKA C. - TURNERJEVA UL.,Gosposvetska cesta 69,"{'lat': 46.562695, 'lng': 15.62935}",False,False,22,22,0,OPEN
2024-04-03 04:12:14,1,maribor,GOSPOSVETSKA C. - TURNERJEVA UL.,Gosposvetska cesta 69,"{'lat': 46.562695, 'lng': 15.62935}",False,False,22,22,0,OPEN
2024-04-03 05:12:47,1,maribor,GOSPOSVETSKA C. - TURNERJEVA UL.,Gosposvetska cesta 69,"{'lat': 46.562695, 'lng': 15.62935}",False,False,22,22,0,OPEN
2024-04-03 06:19:04,1,maribor,GOSPOSVETSKA C. - TURNERJEVA UL.,Gosposvetska cesta 69,"{'lat': 46.562695, 'lng': 15.62935}",False,False,22,19,3,OPEN
2024-04-03 07:06:43,1,maribor,GOSPOSVETSKA C. - TURNERJEVA UL.,Gosposvetska cesta 69,"{'lat': 46.562695, 'lng': 15.62935}",False,False,22,20,2,OPEN
2024-04-03 08:18:30,1,maribor,GOSPOSVETSKA C. - TURNERJEVA UL.,Gosposvetska cesta 69,"{'lat': 46.562695, 'lng': 15.62935}",False,False,22,22,0,OPEN
2024-04-03 09:16:14,1,maribor,GOSPOSVETSKA C. - TURNERJEVA UL.,Gosposvetska cesta 69,"{'lat': 46.562695, 'lng': 15.62935}",False,False,22,17,5,OPEN
2024-04-03 10:14:07,1,maribor,GOSPOSVETSKA C. - TURNERJEVA UL.,Gosposvetska cesta 69,"{'lat': 46.562695, 'lng': 15.62935}",False,False,22,16,6,OPEN
2024-04-03 11:10:03,1,maribor,GOSPOSVETSKA C. - TURNERJEVA UL.,Gosposvetska cesta 69,"{'lat': 46.562695, 'lng': 15.62935}",False,False,22,18,4,OPEN
2024-04-03 12:27:23,1,maribor,GOSPOSVETSKA C. - TURNERJEVA UL.,Gosposvetska cesta 69,"{'lat': 46.562695, 'lng': 15.62935}",False,False,22,13,9,OPEN
2024-04-03 13:18:53,1,maribor,GOSPOSVETSKA C. - TURNERJEVA UL.,Gosposvetska cesta 69,"{'lat': 46.562695, 'lng': 15.62935}",False,False,22,6,16,OPEN
2024-04-03 14:13:41,1,maribor,GOSPOSVETSKA C. - TURNERJEVA UL.,Gosposvetska cesta 69,"{'lat': 46.562695, 'lng': 15.62935}",False,False,22,13,9,OPEN
2024-04-03 15:14:31,1,maribor,GOSPOSVETSKA C. - TURNERJEVA UL.,Gosposvetska cesta 69,"{'lat': 46.562695, 'lng': 15.62935}",False,False,22,20,2,OPEN
2024-04-03 16:16:43,1,maribor,GOSPOSVETSKA C. - TURNERJEVA UL.,Gosposvetska cesta 69,"{'lat': 46.562695, 'lng': 15.62935}",False,False,22,22,0,OPEN
2024-04-03 17:13:02,1,maribor,GOSPOSVETSKA C. - TURNERJEVA UL.,Gosposvetska cesta 69,"{'lat': 46.562695, 'lng': 15.62935}",False,False,22,20,2,OPEN
2024-04-03 18:19:07,1,maribor,GOSPOSVETSKA C. - TURNERJEVA UL.,Gosposvetska cesta 69,"{'lat': 46.562695, 'lng': 15.62935}",False,False,22,17,5,OPEN
2024-04-03 19:10:04,1,maribor,GOSPOSVETSKA C. - TURNERJEVA UL.,Gosposvetska cesta 69,"{'lat': 46.562695, 'lng': 15.62935}",False,False,22,6,16,OPEN
2024-04-03 20:15:26,1,maribor,GOSPOSVETSKA C. - TURNERJEVA UL.,Gosposvetska cesta 69,"{'lat': 46.562695, 'lng': 15.62935}",False,False,22,0,22,OPEN
2024-04-03 21:07:44,1,maribor,GOSPOSVETSKA C. - TURNERJEVA UL.,Gosposvetska cesta 69,"{'lat': 46.562695, 'lng': 15.62935}",False,False,22,1,21,OPEN
2024-04-03 22:11:08,1,maribor,GOSPOSVETSKA C. - TURNERJEVA UL.,Gosposvetska cesta 69,"{'lat': 46.562695, 'lng': 15.62935}",False,False,22,2,20,OPEN
2024-04-03 23:07:08,1,maribor,GOSPOSVETSKA C. - TURNERJEVA UL.,Gosposvetska cesta 69,"{'lat': 46.562695, 'lng': 15.62935}",False,False,22,3,19,OPEN
2024-04-04 01:08:13,1,maribor,GOSPOSVETSKA C. - TURNERJEVA UL.,Gosposvetska cesta 69,"{'lat': 46.562695, 'lng': 15.62935}",False,False,22,3,19,OPEN
2024-04-04 02:21:01,1,maribor,GOSPOSVETSKA C. - TURNERJEVA UL.,Gosposvetska cesta 69,"{'lat': 46.562695, 'lng': 15.62935}",False,False,22,3,19,OPEN
2024-04-04 03:11:32,1,maribor,GOSPOSVETSKA C. - TURNERJEVA UL.,Gosposvetska cesta 69,"{'lat': 46.562695, 'lng': 15.62935}",False,False,22,4,18,OPEN
2024-04-04 04:12:07,1,maribor,GOSPOSVETSKA C. - TURNERJEVA UL.,Gosposvetska cesta 69,"{'lat': 46.562695, 'lng': 15.62935}",False,False,22,6,16,OPEN
2024-04-04 05:12:47,1,maribor,GOSPOSVETSKA C. - TURNERJEVA UL.,Gosposvetska cesta 69,"{'lat': 46.562695, 'lng': 15.62935}",False,False,22,8,14,OPEN
2024-04-04 06:17:12,1,maribor,GOSPOSVETSKA C. - TURNERJEVA UL.,Gosposvetska cesta 69,"{'lat': 46.562695, 'lng': 15.62935}",False,False,22,19,3,OPEN
2024-04-04 07:06:17,1,maribor,GOSPOSVETSKA C. - TURNERJEVA UL.,Gosposvetska cesta 69,"{'lat': 46.562695, 'lng': 15.62935}",False,False,22,22,0,OPEN
2024-04-04 08:15:52,1,maribor,GOSPOSVETSKA C. - TURNERJEVA UL.,Gosposvetska cesta 69,"{'lat': 46.562695, 'lng': 15.62935}",False,False,22,14,8,OPEN
2024-04-04 09:14:16,1,maribor,GOSPOSVETSKA C. - TURNERJEVA UL.,Gosposvetska cesta 69,"{'lat': 46.562695, 'lng': 15.62935}",False,False,22,21,1,OPEN
2024-04-04 10:07:08,1,maribor,GOSPOSVETSKA C. - TURNERJEVA UL.,Gosposvetska cesta 69,"{'lat': 46.562695, 'lng': 15.62935}",False,False,22,22,0,OPEN
2024-04-04 11:10:24,1,maribor,GOSPOSVETSKA C. - TURNERJEVA UL.,Gosposvetska cesta 69,"{'lat': 46.562695, 'lng': 15.62935}",False,False,22,21,1,OPEN
2024-04-04 12:28:02,1,maribor,GOSPOSVETSKA C. - TURNERJEVA UL.,Gosposvetska cesta 69,"{'lat': 46.562695, 'lng': 15.62935}",False,False,22,18,4,OPEN
2024-04-04 13:11:03,1,maribor,GOSPOSVETSKA C. - TURNERJEVA UL.,Gosposvetska cesta 69,"{'lat': 46.562695, 'lng': 15.62935}",False,False,22,22,0,OPEN
2024-04-04 14:14:37,1,maribor,GOSPOSVETSKA C. - TURNERJEVA UL.,Gosposvetska cesta 69,"{'lat': 46.562695, 'lng': 15.62935}",False,False,22,0,22,OPEN
2024-04-04 15:14:21,1,maribor,GOSPOSVETSKA C. - TURNERJEVA UL.,Gosposvetska cesta 69,"{'lat': 46.562695, 'lng': 15.62935}",False,False,22,10,12,OPEN
2024-04-04 16:18:55,1,maribor,GOSPOSVETSKA C. - TURNERJEVA UL.,Gosposvetska cesta 69,"{'lat': 46.562695, 'lng': 15.62935}",False,False,22,5,17,OPEN
2024-04-04 17:10:40,1,maribor,GOSPOSVETSKA C. - TURNERJEVA UL.,Gosposvetska cesta 69,"{'lat': 46.562695, 'lng': 15.62935}",False,False,22,8,14,OPEN
2024-04-04 18:19:05,1,maribor,GOSPOSVETSKA C. - TURNERJEVA UL.,Gosposvetska cesta 69,"{'lat': 46.562695, 'lng': 15.62935}",False,False,22,14,8,OPEN
2024-04-04 19:09:53,1,maribor,GOSPOSVETSKA C. - TURNERJEVA UL.,Gosposvetska cesta 69,"{'lat': 46.562695, 'lng': 15.62935}",False,False,22,14,8,OPEN
2024-04-04 20:14:54,1,maribor,GOSPOSVETSKA C. - TURNERJEVA UL.,Gosposvetska cesta 69,"{'lat': 46.562695, 'lng': 15.62935}",False,False,22,19,3,OPEN
2024-04-04 21:09:39,1,maribor,GOSPOSVETSKA C. - TURNERJEVA UL.,Gosposvetska cesta 69,"{'lat': 46.562695, 'lng': 15.62935}",False,False,22,13,9,OPEN
2024-04-04 22:07:55,1,maribor,GOSPOSVETSKA C. - TURNERJEVA UL.,Gosposvetska cesta 69,"{'lat': 46.562695, 'lng': 15.62935}",False,False,22,8,14,OPEN
2024-04-04 23:13:10,1,maribor,GOSPOSVETSKA C. - TURNERJEVA UL.,Gosposvetska cesta 69,"{'lat': 46.562695, 'lng': 15.62935}",False,False,22,6,16,OPEN
2024-04-05 00:59:33,1,maribor,GOSPOSVETSKA C. - TURNERJEVA UL.,Gosposvetska cesta 69,"{'lat': 46.562695, 'lng': 15.62935}",False,False,22,7,15,OPEN
2024-04-05 02:21:04,1,maribor,GOSPOSVETSKA C. - TURNERJEVA UL.,Gosposvetska cesta 69,"{'lat': 46.562695, 'lng': 15.62935}",False,False,22,6,16,OPEN
2024-04-05 03:11:31,1,maribor,GOSPOSVETSKA C. - TURNERJEVA UL.,Gosposvetska cesta 69,"{'lat': 46.562695, 'lng': 15.62935}",False,False,22,6,16,OPEN
2024-04-05 04:19:02,1,maribor,GOSPOSVETSKA C. - TURNERJEVA UL.,Gosposvetska cesta 69,"{'lat': 46.562695, 'lng': 15.62935}",False,False,22,8,14,OPEN
2024-04-05 05:12:49,1,maribor,GOSPOSVETSKA C. - TURNERJEVA UL.,Gosposvetska cesta 69,"{'lat': 46.562695, 'lng': 15.62935}",False,False,22,13,9,OPEN
2024-04-05 06:15:46,1,maribor,GOSPOSVETSKA C. - TURNERJEVA UL.,Gosposvetska cesta 69,"{'lat': 46.562695, 'lng': 15.62935}",False,False,22,22,0,OPEN
2024-04-05 07:12:55,1,maribor,GOSPOSVETSKA C. - TURNERJEVA UL.,Gosposvetska cesta 69,"{'lat': 46.562695, 'lng': 15.62935}",False,False,22,22,0,OPEN
2024-04-05 09:13:49,1,maribor,GOSPOSVETSKA C. - TURNERJEVA UL.,Gosposvetska cesta 69,"{'lat': 46.562695, 'lng': 15.62935}",False,False,22,16,6,OPEN
2024-04-05 10:17:06,1,maribor,GOSPOSVETSKA C. - TURNERJEVA UL.,Gosposvetska cesta 69,"{'lat': 46.562695, 'lng': 15.62935}",False,False,22,21,1,OPEN
2024-04-05 11:09:53,1,maribor,GOSPOSVETSKA C. - TURNERJEVA UL.,Gosposvetska cesta 69,"{'lat': 46.562695, 'lng': 15.62935}",False,False,22,20,2,OPEN
2024-04-05 12:25:41,1,maribor,GOSPOSVETSKA C. - TURNERJEVA UL.,Gosposvetska cesta 69,"{'lat': 46.562695, 'lng': 15.62935}",False,False,22,11,11,OPEN
2024-04-05 13:09:40,1,maribor,GOSPOSVETSKA C. - TURNERJEVA UL.,Gosposvetska cesta 69,"{'lat': 46.562695, 'lng': 15.62935}",False,False,22,22,0,OPEN
2024-04-05 14:10:21,1,maribor,GOSPOSVETSKA C. - TURNERJEVA UL.,Gosposvetska cesta 69,"{'lat': 46.562695, 'lng': 15.62935}",False,False,22,21,1,OPEN
2024-04-05 15:11:26,1,maribor,GOSPOSVETSKA C. - TURNERJEVA UL.,Gosposvetska cesta 69,"{'lat': 46.562695, 'lng': 15.62935}",False,False,22,11,11,OPEN
2024-04-05 16:17:21,1,maribor,GOSPOSVETSKA C. - TURNERJEVA UL.,Gosposvetska cesta 69,"{'lat': 46.562695, 'lng': 15.62935}",False,False,22,16,6,OPEN
2024-04-05 17:12:49,1,maribor,GOSPOSVETSKA C. - TURNERJEVA UL.,Gosposvetska cesta 69,"{'lat': 46.562695, 'lng': 15.62935}",False,False,22,17,5,OPEN
2024-04-05 18:18:07,1,maribor,GOSPOSVETSKA C. - TURNERJEVA UL.,Gosposvetska cesta 69,"{'lat': 46.562695, 'lng': 15.62935}",False,False,22,17,5,OPEN
2024-04-05 19:09:44,1,maribor,GOSPOSVETSKA C. - TURNERJEVA UL.,Gosposvetska cesta 69,"{'lat': 46.562695, 'lng': 15.62935}",False,False,22,13,9,OPEN
2024-04-05 20:15:17,1,maribor,GOSPOSVETSKA C. - TURNERJEVA UL.,Gosposvetska cesta 69,"{'lat': 46.562695, 'lng': 15.62935}",False,False,22,17,5,OPEN
2024-04-05 21:11:36,1,maribor,GOSPOSVETSKA C. - TURNERJEVA UL.,Gosposvetska cesta 69,"{'lat': 46.562695, 'lng': 15.62935}",False,False,22,11,11,OPEN
2024-04-05 22:06:27,1,maribor,GOSPOSVETSKA C. - TURNERJEVA UL.,Gosposvetska cesta 69,"{'lat': 46.562695, 'lng': 15.62935}",False,False,22,13,9,OPEN
2024-04-05 23:09:59,1,maribor,GOSPOSVETSKA C. - TURNERJEVA UL.,Gosposvetska cesta 69,"{'lat': 46.562695, 'lng': 15.62935}",False,False,22,10,12,OPEN
2024-04-06 00:58:02,1,maribor,GOSPOSVETSKA C. - TURNERJEVA UL.,Gosposvetska cesta 69,"{'lat': 46.562695, 'lng': 15.62935}",False,False,22,6,16,OPEN
2024-04-06 02:12:03,1,maribor,GOSPOSVETSKA C. - TURNERJEVA UL.,Gosposvetska cesta 69,"{'lat': 46.562695, 'lng': 15.62935}",False,False,22,5,17,OPEN
2024-04-06 03:12:37,1,maribor,GOSPOSVETSKA C. - TURNERJEVA UL.,Gosposvetska cesta 69,"{'lat': 46.562695, 'lng': 15.62935}",False,False,22,6,16,OPEN
2024-04-06 04:13:13,1,maribor,GOSPOSVETSKA C. - TURNERJEVA UL.,Gosposvetska cesta 69,"{'lat': 46.562695, 'lng': 15.62935}",False,False,22,7,15,OPEN
2024-04-06 05:13:45,1,maribor,GOSPOSVETSKA C. - TURNERJEVA UL.,Gosposvetska cesta 69,"{'lat': 46.562695, 'lng': 15.62935}",False,False,22,7,15,OPEN
2024-04-06 06:14:22,1,maribor,GOSPOSVETSKA C. - TURNERJEVA UL.,Gosposvetska cesta 69,"{'lat': 46.562695, 'lng': 15.62935}",False,False,22,7,15,OPEN
2024-04-06 07:04:52,1,maribor,GOSPOSVETSKA C. - TURNERJEVA UL.,Gosposvetska cesta 69,"{'lat': 46.562695, 'lng': 15.62935}",False,False,22,7,15,OPEN
2024-04-06 08:15:41,1,maribor,GOSPOSVETSKA C. - TURNERJEVA UL.,Gosposvetska cesta 69,"{'lat': 46.562695, 'lng': 15.62935}",False,False,22,16,6,OPEN
2024-04-06 09:14:04,1,maribor,GOSPOSVETSKA C. - TURNERJEVA UL.,Gosposvetska cesta 69,"{'lat': 46.562695, 'lng': 15.62935}",False,False,22,17,5,OPEN
2024-04-06 10:11:06,1,maribor,GOSPOSVETSKA C. - TURNERJEVA UL.,Gosposvetska cesta 69,"{'lat': 46.562695, 'lng': 15.62935}",False,False,22,19,3,OPEN
2024-04-06 11:07:38,1,maribor,GOSPOSVETSKA C. - TURNERJEVA UL.,Gosposvetska cesta 69,"{'lat': 46.562695, 'lng': 15.62935}",False,False,22,18,4,OPEN
2024-04-06 12:18:25,1,maribor,GOSPOSVETSKA C. - TURNERJEVA UL.,Gosposvetska cesta 69,"{'lat': 46.562695, 'lng': 15.62935}",False,False,22,18,4,OPEN
2024-04-06 13:09:00,1,maribor,GOSPOSVETSKA C. - TURNERJEVA UL.,Gosposvetska cesta 69,"{'lat': 46.562695, 'lng': 15.62935}",False,False,22,18,4,OPEN
2024-04-06 14:09:48,1,maribor,GOSPOSVETSKA C. - TURNERJEVA UL.,Gosposvetska cesta 69,"{'lat': 46.562695, 'lng': 15.62935}",False,False,22,17,5,OPEN
2024-04-06 15:10:31,1,maribor,GOSPOSVETSKA C. - TURNERJEVA UL.,Gosposvetska cesta 69,"{'lat': 46.562695, 'lng': 15.62935}",False,False,22,18,4,OPEN
2024-04-06 16:16:29,1,maribor,GOSPOSVETSKA C. - TURNERJEVA UL.,Gosposvetska cesta 69,"{'lat': 46.562695, 'lng': 15.62935}",False,False,22,13,9,OPEN
2024-04-06 17:12:09,1,maribor,GOSPOSVETSKA C. - TURNERJEVA UL.,Gosposvetska cesta 69,"{'lat': 46.562695, 'lng': 15.62935}",False,False,22,20,2,OPEN
2024-04-06 18:12:48,1,maribor,GOSPOSVETSKA C. - TURNERJEVA UL.,Gosposvetska cesta 69,"{'lat': 46.562695, 'lng': 15.62935}",False,False,22,19,3,OPEN
2024-04-06 19:03:25,1,maribor,GOSPOSVETSKA C. - TURNERJEVA UL.,Gosposvetska cesta 69,"{'lat': 46.562695, 'lng': 15.62935}",False,False,22,18,4,OPEN
2024-04-06 20:14:10,1,maribor,GOSPOSVETSKA C. - TURNERJEVA UL.,Gosposvetska cesta 69,"{'lat': 46.562695, 'lng': 15.62935}",False,False,22,11,11,OPEN
2024-04-06 21:04:43,1,maribor,GOSPOSVETSKA C. - TURNERJEVA UL.,Gosposvetska cesta 69,"{'lat': 46.562695, 'lng': 15.62935}",False,False,22,11,11,OPEN
2024-04-06 22:06:22,1,maribor,GOSPOSVETSKA C. - TURNERJEVA UL.,Gosposvetska cesta 69,"{'lat': 46.562695, 'lng': 15.62935}",False,False,22,15,7,OPEN
2024-04-06 23:08:54,1,maribor,GOSPOSVETSKA C. - TURNERJEVA UL.,Gosposvetska cesta 69,"{'lat': 46.562695, 'lng': 15.62935}",False,False,22,12,10,OPEN
2024-04-07 01:07:16,1,maribor,GOSPOSVETSKA C. - TURNERJEVA UL.,Gosposvetska cesta 69,"{'lat': 46.562695, 'lng': 15.62935}",False,False,22,7,15,OPEN
2024-04-07 02:22:46,1,maribor,GOSPOSVETSKA C. - TURNERJEVA UL.,Gosposvetska cesta 69,"{'lat': 46.562695, 'lng': 15.62935}",False,False,22,14,8,OPEN
2024-04-07 03:11:41,1,maribor,GOSPOSVETSKA C. - TURNERJEVA UL.,Gosposvetska cesta 69,"{'lat': 46.562695, 'lng': 15.62935}",False,False,22,16,6,OPEN
2024-04-07 04:12:14,1,maribor,GOSPOSVETSKA C. - TURNERJEVA UL.,Gosposvetska cesta 69,"{'lat': 46.562695, 'lng': 15.62935}",False,False,22,17,5,OPEN
2024-04-07 05:12:46,1,maribor,GOSPOSVETSKA C. - TURNERJEVA UL.,Gosposvetska cesta 69,"{'lat': 46.562695, 'lng': 15.62935}",False,False,22,18,4,OPEN
2024-04-07 06:13:21,1,maribor,GOSPOSVETSKA C. - TURNERJEVA UL.,Gosposvetska cesta 69,"{'lat': 46.562695, 'lng': 15.62935}",False,False,22,21,1,OPEN
2024-04-07 07:03:46,1,maribor,GOSPOSVETSKA C. - TURNERJEVA UL.,Gosposvetska cesta 69,"{'lat': 46.562695, 'lng': 15.62935}",False,False,22,21,1,OPEN
2024-04-07 08:19:04,1,maribor,GOSPOSVETSKA C. - TURNERJEVA UL.,Gosposvetska cesta 69,"{'lat': 46.562695, 'lng': 15.62935}",False,False,22,21,1,OPEN
2024-04-07 09:12:17,1,maribor,GOSPOSVETSKA C. - TURNERJEVA UL.,Gosposvetska cesta 69,"{'lat': 46.562695, 'lng': 15.62935}",False,False,22,17,5,OPEN
2024-04-07 10:10:48,1,maribor,GOSPOSVETSKA C. - TURNERJEVA UL.,Gosposvetska cesta 69,"{'lat': 46.562695, 'lng': 15.62935}",False,False,22,22,0,OPEN
2024-04-07 11:12:39,1,maribor,GOSPOSVETSKA C. - TURNERJEVA UL.,Gosposvetska cesta 69,"{'lat': 46.562695, 'lng': 15.62935}",False,False,22,14,8,OPEN
2024-04-07 12:24:36,1,maribor,GOSPOSVETSKA C. - TURNERJEVA UL.,Gosposvetska cesta 69,"{'lat': 46.562695, 'lng': 15.62935}",False,False,22,19,3,OPEN
2024-04-07 13:17:36,1,maribor,GOSPOSVETSKA C. - TURNERJEVA UL.,Gosposvetska cesta 69,"{'lat': 46.562695, 'lng': 15.62935}",False,False,22,21,1,OPEN
2024-04-07 14:10:56,1,maribor,GOSPOSVETSKA C. - TURNERJEVA UL.,Gosposvetska cesta 69,"{'lat': 46.562695, 'lng': 15.62935}",False,False,22,21,1,OPEN
2024-04-07 15:11:45,1,maribor,GOSPOSVETSKA C. - TURNERJEVA UL.,Gosposvetska cesta 69,"{'lat': 46.562695, 'lng': 15.62935}",False,False,22,22,0,OPEN
2024-04-07 16:10:33,1,maribor,GOSPOSVETSKA C. - TURNERJEVA UL.,Gosposvetska cesta 69,"{'lat': 46.562695, 'lng': 15.62935}",False,False,22,11,11,OPEN
2024-04-07 17:12:51,1,maribor,GOSPOSVETSKA C. - TURNERJEVA UL.,Gosposvetska cesta 69,"{'lat': 46.562695, 'lng': 15.62935}",False,False,22,17,5,OPEN
2024-04-07 18:20:05,1,maribor,GOSPOSVETSKA C. - TURNERJEVA UL.,Gosposvetska cesta 69,"{'lat': 46.562695, 'lng': 15.62935}",False,False,22,8,14,OPEN
2024-04-07 19:10:00,1,maribor,GOSPOSVETSKA C. - TURNERJEVA UL.,Gosposvetska cesta 69,"{'lat': 46.562695, 'lng': 15.62935}",False,False,22,12,10,OPEN
2024-04-07 20:13:34,1,maribor,GOSPOSVETSKA C. - TURNERJEVA UL.,Gosposvetska cesta 69,"{'lat': 46.562695, 'lng': 15.62935}",False,False,22,10,12,OPEN
2024-04-07 21:13:13,1,maribor,GOSPOSVETSKA C. - TURNERJEVA UL.,Gosposvetska cesta 69,"{'lat': 46.562695, 'lng': 15.62935}",False,False,22,6,16,OPEN
2024-04-07 22:03:41,1,maribor,GOSPOSVETSKA C. - TURNERJEVA UL.,Gosposvetska cesta 69,"{'lat': 46.562695, 'lng': 15.62935}",False,False,22,6,16,OPEN
2024-04-07 23:14:17,1,maribor,GOSPOSVETSKA C. - TURNERJEVA UL.,Gosposvetska cesta 69,"{'lat': 46.562695, 'lng': 15.62935}",False,False,22,5,17,OPEN
2024-04-08 01:05:14,1,maribor,GOSPOSVETSKA C. - TURNERJEVA UL.,Gosposvetska cesta 69,"{'lat': 46.562695, 'lng': 15.62935}",False,False,22,2,20,OPEN
2024-04-08 02:21:04,1,maribor,GOSPOSVETSKA C. - TURNERJEVA UL.,Gosposvetska cesta 69,"{'lat': 46.562695, 'lng': 15.62935}",False,False,22,1,21,OPEN
2024-04-08 03:11:31,1,maribor,GOSPOSVETSKA C. - TURNERJEVA UL.,Gosposvetska cesta 69,"{'lat': 46.562695, 'lng': 15.62935}",False,False,22,1,21,OPEN
2024-04-08 04:12:07,1,maribor,GOSPOSVETSKA C. - TURNERJEVA UL.,Gosposvetska cesta 69,"{'lat': 46.562695, 'lng': 15.62935}",False,False,22,2,20,OPEN
2024-04-08 05:13:06,1,maribor,GOSPOSVETSKA C. - TURNERJEVA UL.,Gosposvetska cesta 69,"{'lat': 46.562695, 'lng': 15.62935}",False,False,22,4,18,OPEN
2024-04-08 06:14:54,1,maribor,GOSPOSVETSKA C. - TURNERJEVA UL.,Gosposvetska cesta 69,"{'lat': 46.562695, 'lng': 15.62935}",False,False,22,22,0,OPEN
2024-04-08 07:14:33,1,maribor,GOSPOSVETSKA C. - TURNERJEVA UL.,Gosposvetska cesta 69,"{'lat': 46.562695, 'lng': 15.62935}",False,False,22,22,0,OPEN
2024-04-08 08:15:27,1,maribor,GOSPOSVETSKA C. - TURNERJEVA UL.,Gosposvetska cesta 69,"{'lat': 46.562695, 'lng': 15.62935}",False,False,22,10,12,OPEN
2024-04-08 09:16:28,1,maribor,GOSPOSVETSKA C. - TURNERJEVA UL.,Gosposvetska cesta 69,"{'lat': 46.562695, 'lng': 15.62935}",False,False,22,12,10,OPEN
2024-04-08 10:17:22,1,maribor,GOSPOSVETSKA C. - TURNERJEVA UL.,Gosposvetska cesta 69,"{'lat': 46.562695, 'lng': 15.62935}",False,False,22,18,4,OPEN
2024-04-08 11:12:14,1,maribor,GOSPOSVETSKA C. - TURNERJEVA UL.,Gosposvetska cesta 69,"{'lat': 46.562695, 'lng': 15.62935}",False,False,22,21,1,OPEN
2024-04-08 12:22:40,1,maribor,GOSPOSVETSKA C. - TURNERJEVA UL.,Gosposvetska cesta 69,"{'lat': 46.562695, 'lng': 15.62935}",False,False,22,22,0,OPEN
2024-04-08 13:16:03,1,maribor,GOSPOSVETSKA C. - TURNERJEVA UL.,Gosposvetska cesta 69,"{'lat': 46.562695, 'lng': 15.62935}",False,False,22,10,12,OPEN
2024-04-08 14:14:19,1,maribor,GOSPOSVETSKA C. - TURNERJEVA UL.,Gosposvetska cesta 69,"{'lat': 46.562695, 'lng': 15.62935}",False,False,22,3,19,OPEN
2024-04-08 15:13:39,1,maribor,GOSPOSVETSKA C. - TURNERJEVA UL.,Gosposvetska cesta 69,"{'lat': 46.562695, 'lng': 15.62935}",False,False,22,6,16,OPEN
2024-04-08 16:19:13,1,maribor,GOSPOSVETSKA C. - TURNERJEVA UL.,Gosposvetska cesta 69,"{'lat': 46.562695, 'lng': 15.62935}",False,False,22,4,18,OPEN
2024-04-08 17:14:08,1,maribor,GOSPOSVETSKA C. - TURNERJEVA UL.,Gosposvetska cesta 69,"{'lat': 46.562695, 'lng': 15.62935}",False,False,22,14,8,OPEN
2024-04-08 18:20:44,1,maribor,GOSPOSVETSKA C. - TURNERJEVA UL.,Gosposvetska cesta 69,"{'lat': 46.562695, 'lng': 15.62935}",False,False,22,11,11,OPEN
2024-04-08 19:12:17,1,maribor,GOSPOSVETSKA C. - TURNERJEVA UL.,Gosposvetska cesta 69,"{'lat': 46.562695, 'lng': 15.62935}",False,False,22,4,18,OPEN
2024-04-08 20:16:46,1,maribor,GOSPOSVETSKA C. - TURNERJEVA UL.,Gosposvetska cesta 69,"{'lat': 46.562695, 'lng': 15.62935}",False,False,22,3,19,OPEN
2024-04-08 21:09:36,1,maribor,GOSPOSVETSKA C. - TURNERJEVA UL.,Gosposvetska cesta 69,"{'lat': 46.562695, 'lng': 15.62935}",False,False,22,0,22,OPEN
2024-04-08 22:08:04,1,maribor,GOSPOSVETSKA C. - TURNERJEVA UL.,Gosposvetska cesta 69,"{'lat': 46.562695, 'lng': 15.62935}",False,False,22,3,19,OPEN
2024-04-08 23:08:41,1,maribor,GOSPOSVETSKA C. - TURNERJEVA UL.,Gosposvetska cesta 69,"{'lat': 46.562695, 'lng': 15.62935}",False,False,22,5,17,OPEN
2024-04-09 00:59:45,1,maribor,GOSPOSVETSKA C. - TURNERJEVA UL.,Gosposvetska cesta 69,"{'lat': 46.562695, 'lng': 15.62935}",False,False,22,8,14,OPEN
2024-04-09 02:11:59,1,maribor,GOSPOSVETSKA C. - TURNERJEVA UL.,Gosposvetska cesta 69,"{'lat': 46.562695, 'lng': 15.62935}",False,False,22,8,14,OPEN
2024-04-09 03:12:33,1,maribor,GOSPOSVETSKA C. - TURNERJEVA UL.,Gosposvetska cesta 69,"{'lat': 46.562695, 'lng': 15.62935}",False,False,22,8,14,OPEN
2024-04-09 04:13:12,1,maribor,GOSPOSVETSKA C. - TURNERJEVA UL.,Gosposvetska cesta 69,"{'lat': 46.562695, 'lng': 15.62935}",False,False,22,11,11,OPEN
2024-04-09 05:13:59,1,maribor,GOSPOSVETSKA C. - TURNERJEVA UL.,Gosposvetska cesta 69,"{'lat': 46.562695, 'lng': 15.62935}",False,False,22,18,4,OPEN
2024-04-09 06:19:25,1,maribor,GOSPOSVETSKA C. - TURNERJEVA UL.,Gosposvetska cesta 69,"{'lat': 46.562695, 'lng': 15.62935}",False,False,22,16,6,OPEN
2024-04-09 07:15:29,1,maribor,GOSPOSVETSKA C. - TURNERJEVA UL.,Gosposvetska cesta 69,"{'lat': 46.562695, 'lng': 15.62935}",False,False,22,18,4,OPEN
2024-04-09 08:16:47,1,maribor,GOSPOSVETSKA C. - TURNERJEVA UL.,Gosposvetska cesta 69,"{'lat': 46.562695, 'lng': 15.62935}",False,False,22,21,1,OPEN
2024-04-09 09:15:47,1,maribor,GOSPOSVETSKA C. - TURNERJEVA UL.,Gosposvetska cesta 69,"{'lat': 46.562695, 'lng': 15.62935}",False,False,22,20,2,OPEN
2024-04-09 10:18:17,1,maribor,GOSPOSVETSKA C. - TURNERJEVA UL.,Gosposvetska cesta 69,"{'lat': 46.562695, 'lng': 15.62935}",False,False,22,22,0,OPEN
2024-04-09 11:11:12,1,maribor,GOSPOSVETSKA C. - TURNERJEVA UL.,Gosposvetska cesta 69,"{'lat': 46.562695, 'lng': 15.62935}",False,False,22,21,1,OPEN
2024-04-09 12:28:47,1,maribor,GOSPOSVETSKA C. - TURNERJEVA UL.,Gosposvetska cesta 69,"{'lat': 46.562695, 'lng': 15.62935}",False,False,22,16,6,OPEN
2024-04-09 13:16:45,1,maribor,GOSPOSVETSKA C. - TURNERJEVA UL.,Gosposvetska cesta 69,"{'lat': 46.562695, 'lng': 15.62935}",False,False,22,22,0,OPEN
2024-04-09 14:12:18,1,maribor,GOSPOSVETSKA C. - TURNERJEVA UL.,Gosposvetska cesta 69,"{'lat': 46.562695, 'lng': 15.62935}",False,False,22,22,0,OPEN
2024-04-09 15:13:14,1,maribor,GOSPOSVETSKA C. - TURNERJEVA UL.,Gosposvetska cesta 69,"{'lat': 46.562695, 'lng': 15.62935}",False,False,22,21,1,OPEN
2024-04-09 16:17:06,1,maribor,GOSPOSVETSKA C. - TURNERJEVA UL.,Gosposvetska cesta 69,"{'lat': 46.562695, 'lng': 15.62935}",False,False,22,20,2,OPEN
2024-04-09 17:13:32,1,maribor,GOSPOSVETSKA C. - TURNERJEVA UL.,Gosposvetska cesta 69,"{'lat': 46.562695, 'lng': 15.62935}",False,False,22,5,17,OPEN
2024-04-09 18:16:37,1,maribor,GOSPOSVETSKA C. - TURNERJEVA UL.,Gosposvetska cesta 69,"{'lat': 46.562695, 'lng': 15.62935}",False,False,22,3,19,OPEN
2024-04-09 19:09:52,1,maribor,GOSPOSVETSKA C. - TURNERJEVA UL.,Gosposvetska cesta 69,"{'lat': 46.562695, 'lng': 15.62935}",False,False,22,15,7,OPEN
2024-04-09 20:13:37,1,maribor,GOSPOSVETSKA C. - TURNERJEVA UL.,Gosposvetska cesta 69,"{'lat': 46.562695, 'lng': 15.62935}",False,False,22,12,10,OPEN
2024-04-09 21:12:12,1,maribor,GOSPOSVETSKA C. - TURNERJEVA UL.,Gosposvetska cesta 69,"{'lat': 46.562695, 'lng': 15.62935}",False,False,22,7,15,OPEN
2024-04-09 22:09:56,1,maribor,GOSPOSVETSKA C. - TURNERJEVA UL.,Gosposvetska cesta 69,"{'lat': 46.562695, 'lng': 15.62935}",False,False,22,0,22,OPEN
2024-04-09 23:10:37,1,maribor,GOSPOSVETSKA C. - TURNERJEVA UL.,Gosposvetska cesta 69,"{'lat': 46.562695, 'lng': 15.62935}",False,False,22,6,16,OPEN
2024-04-10 01:02:00,1,maribor,GOSPOSVETSKA C. - TURNERJEVA UL.,Gosposvetska cesta 69,"{'lat': 46.562695, 'lng': 15.62935}",False,False,22,21,1,OPEN
2024-04-10 02:21:03,1,maribor,GOSPOSVETSKA C. - TURNERJEVA UL.,Gosposvetska cesta 69,"{'lat': 46.562695, 'lng': 15.62935}",False,False,22,22,0,OPEN
2024-04-10 03:11:29,1,maribor,GOSPOSVETSKA C. - TURNERJEVA UL.,Gosposvetska cesta 69,"{'lat': 46.562695, 'lng': 15.62935}",False,False,22,22,0,OPEN
2024-04-10 04:14:27,1,maribor,GOSPOSVETSKA C. - TURNERJEVA UL.,Gosposvetska cesta 69,"{'lat': 46.562695, 'lng': 15.62935}",False,False,22,22,0,OPEN
2024-04-10 05:12:33,1,maribor,GOSPOSVETSKA C. - TURNERJEVA UL.,Gosposvetska cesta 69,"{'lat': 46.562695, 'lng': 15.62935}",False,False,22,22,0,OPEN
2024-04-10 06:13:39,1,maribor,GOSPOSVETSKA C. - TURNERJEVA UL.,Gosposvetska cesta 69,"{'lat': 46.562695, 'lng': 15.62935}",False,False,22,22,0,OPEN
2024-04-10 07:16:33,1,maribor,GOSPOSVETSKA C. - TURNERJEVA UL.,Gosposvetska cesta 69,"{'lat': 46.562695, 'lng': 15.62935}",False,False,22,13,9,OPEN
2024-04-10 08:14:57,1,maribor,GOSPOSVETSKA C. - TURNERJEVA UL.,Gosposvetska cesta 69,"{'lat': 46.562695, 'lng': 15.62935}",False,False,22,22,0,OPEN
2024-04-10 09:15:45,1,maribor,GOSPOSVETSKA C. - TURNERJEVA UL.,Gosposvetska cesta 69,"{'lat': 46.562695, 'lng': 15.62935}",False,False,22,22,0,OPEN
2024-04-10 10:16:54,1,maribor,GOSPOSVETSKA C. - TURNERJEVA UL.,Gosposvetska cesta 69,"{'lat': 46.562695, 'lng': 15.62935}",False,False,22,19,3,OPEN
2024-04-10 11:12:13,1,maribor,GOSPOSVETSKA C. - TURNERJEVA UL.,Gosposvetska cesta 69,"{'lat': 46.562695, 'lng': 15.62935}",False,False,22,14,8,OPEN
2024-04-10 12:28:17,1,maribor,GOSPOSVETSKA C. - TURNERJEVA UL.,Gosposvetska cesta 69,"{'lat': 46.562695, 'lng': 15.62935}",False,False,22,22,0,OPEN
2024-04-10 13:10:35,1,maribor,GOSPOSVETSKA C. - TURNERJEVA UL.,Gosposvetska cesta 69,"{'lat': 46.562695, 'lng': 15.62935}",False,False,22,22,0,OPEN
2024-04-10 14:13:34,1,maribor,GOSPOSVETSKA C. - TURNERJEVA UL.,Gosposvetska cesta 69,"{'lat': 46.562695, 'lng': 15.62935}",False,False,22,13,9,OPEN
2024-04-10 15:10:57,1,maribor,GOSPOSVETSKA C. - TURNERJEVA UL.,Gosposvetska cesta 69,"{'lat': 46.562695, 'lng': 15.62935}",False,False,22,5,17,OPEN
2024-04-10 16:21:22,1,maribor,GOSPOSVETSKA C. - TURNERJEVA UL.,Gosposvetska cesta 69,"{'lat': 46.562695, 'lng': 15.62935}",False,False,22,15,7,OPEN
2024-04-10 17:12:39,1,maribor,GOSPOSVETSKA C. - TURNERJEVA UL.,Gosposvetska cesta 69,"{'lat': 46.562695, 'lng': 15.62935}",False,False,22,21,1,OPEN
2024-04-10 18:13:32,1,maribor,GOSPOSVETSKA C. - TURNERJEVA UL.,Gosposvetska cesta 69,"{'lat': 46.562695, 'lng': 15.62935}",False,False,22,15,7,OPEN
2024-04-10 19:11:54,1,maribor,GOSPOSVETSKA C. - TURNERJEVA UL.,Gosposvetska cesta 69,"{'lat': 46.562695, 'lng': 15.62935}",False,False,22,5,17,OPEN
2024-04-10 20:14:57,1,maribor,GOSPOSVETSKA C. - TURNERJEVA UL.,Gosposvetska cesta 69,"{'lat': 46.562695, 'lng': 15.62935}",False,False,22,0,22,OPEN
2024-04-10 21:09:20,1,maribor,GOSPOSVETSKA C. - TURNERJEVA UL.,Gosposvetska cesta 69,"{'lat': 46.562695, 'lng': 15.62935}",False,False,22,4,18,OPEN
2024-04-10 22:13:51,1,maribor,GOSPOSVETSKA C. - TURNERJEVA UL.,Gosposvetska cesta 69,"{'lat': 46.562695, 'lng': 15.62935}",False,False,22,5,17,OPEN
2024-04-10 22:13:51,1,maribor,GOSPOSVETSKA C. - TURNERJEVA UL.,Gosposvetska cesta 69,"{'lat': 46.562695, 'lng': 15.62935}",False,False,22,5,17,OPEN
2024-04-10 22:13:51,1,maribor,GOSPOSVETSKA C. - TURNERJEVA UL.,Gosposvetska cesta 69,"{'lat': 46.562695, 'lng': 15.62935}",False,False,22,5,17,OPEN
2024-04-11 02:23:37,1,maribor,GOSPOSVETSKA C. - TURNERJEVA UL.,Gosposvetska cesta 69,"{'lat': 46.562695, 'lng': 15.62935}",False,False,22,4,18,OPEN
2024-04-11 03:14:07,1,maribor,GOSPOSVETSKA C. - TURNERJEVA UL.,Gosposvetska cesta 69,"{'lat': 46.562695, 'lng': 15.62935}",False,False,22,4,18,OPEN
2024-04-11 04:14:42,1,maribor,GOSPOSVETSKA C. - TURNERJEVA UL.,Gosposvetska cesta 69,"{'lat': 46.562695, 'lng': 15.62935}",False,False,22,6,16,OPEN
2024-04-11 05:09:58,1,maribor,GOSPOSVETSKA C. - TURNERJEVA UL.,Gosposvetska cesta 69,"{'lat': 46.562695, 'lng': 15.62935}",False,False,22,13,9,OPEN
2024-04-11 06:19:56,1,maribor,GOSPOSVETSKA C. - TURNERJEVA UL.,Gosposvetska cesta 69,"{'lat': 46.562695, 'lng': 15.62935}",False,False,22,21,1,OPEN
2024-04-11 07:07:18,1,maribor,GOSPOSVETSKA C. - TURNERJEVA UL.,Gosposvetska cesta 69,"{'lat': 46.562695, 'lng': 15.62935}",False,False,22,22,0,OPEN
2024-04-11 08:19:32,1,maribor,GOSPOSVETSKA C. - TURNERJEVA UL.,Gosposvetska cesta 69,"{'lat': 46.562695, 'lng': 15.62935}",False,False,22,18,4,OPEN
2024-04-11 09:08:40,1,maribor,GOSPOSVETSKA C. - TURNERJEVA UL.,Gosposvetska cesta 69,"{'lat': 46.562695, 'lng': 15.62935}",False,False,22,22,0,OPEN
2024-04-11 10:11:41,1,maribor,GOSPOSVETSKA C. - TURNERJEVA UL.,Gosposvetska cesta 69,"{'lat': 46.562695, 'lng': 15.62935}",False,False,22,20,2,OPEN
2024-04-11 11:13:08,1,maribor,GOSPOSVETSKA C. - TURNERJEVA UL.,Gosposvetska cesta 69,"{'lat': 46.562695, 'lng': 15.62935}",False,False,22,20,2,OPEN
2024-04-11 12:26:59,1,maribor,GOSPOSVETSKA C. - TURNERJEVA UL.,Gosposvetska cesta 69,"{'lat': 46.562695, 'lng': 15.62935}",False,False,22,22,0,OPEN
2024-04-11 13:16:40,1,maribor,GOSPOSVETSKA C. - TURNERJEVA UL.,Gosposvetska cesta 69,"{'lat': 46.562695, 'lng': 15.62935}",False,False,22,22,0,OPEN
2024-04-11 14:13:31,1,maribor,GOSPOSVETSKA C. - TURNERJEVA UL.,Gosposvetska cesta 69,"{'lat': 46.562695, 'lng': 15.62935}",False,False,22,0,22,OPEN
2024-04-11 15:14:31,1,maribor,GOSPOSVETSKA C. - TURNERJEVA UL.,Gosposvetska cesta 69,"{'lat': 46.562695, 'lng': 15.62935}",False,False,22,4,18,OPEN
2024-04-11 16:17:24,1,maribor,GOSPOSVETSKA C. - TURNERJEVA UL.,Gosposvetska cesta 69,"{'lat': 46.562695, 'lng': 15.62935}",False,False,22,12,10,OPEN
2024-04-11 17:14:04,1,maribor,GOSPOSVETSKA C. - TURNERJEVA UL.,Gosposvetska cesta 69,"{'lat': 46.562695, 'lng': 15.62935}",False,False,22,10,12,OPEN
2024-04-11 18:17:17,1,maribor,GOSPOSVETSKA C. - TURNERJEVA UL.,Gosposvetska cesta 69,"{'lat': 46.562695, 'lng': 15.62935}",False,False,22,1,21,OPEN
2024-04-11 19:07:59,1,maribor,GOSPOSVETSKA C. - TURNERJEVA UL.,Gosposvetska cesta 69,"{'lat': 46.562695, 'lng': 15.62935}",False,False,22,0,22,OPEN
2024-04-11 20:14:28,1,maribor,GOSPOSVETSKA C. - TURNERJEVA UL.,Gosposvetska cesta 69,"{'lat': 46.562695, 'lng': 15.62935}",False,False,22,3,19,OPEN
2024-04-11 21:09:15,1,maribor,GOSPOSVETSKA C. - TURNERJEVA UL.,Gosposvetska cesta 69,"{'lat': 46.562695, 'lng': 15.62935}",False,False,22,0,22,OPEN
2024-04-11 22:09:53,1,maribor,GOSPOSVETSKA C. - TURNERJEVA UL.,Gosposvetska cesta 69,"{'lat': 46.562695, 'lng': 15.62935}",False,False,22,3,19,OPEN
2024-04-11 22:09:53,1,maribor,GOSPOSVETSKA C. - TURNERJEVA UL.,Gosposvetska cesta 69,"{'lat': 46.562695, 'lng': 15.62935}",False,False,22,3,19,OPEN
2024-04-11 22:09:53,1,maribor,GOSPOSVETSKA C. - TURNERJEVA UL.,Gosposvetska cesta 69,"{'lat': 46.562695, 'lng': 15.62935}",False,False,22,3,19,OPEN
2024-04-12 02:21:46,1,maribor,GOSPOSVETSKA C. - TURNERJEVA UL.,Gosposvetska cesta 69,"{'lat': 46.562695, 'lng': 15.62935}",False,False,22,2,20,OPEN
2024-04-12 03:12:15,1,maribor,GOSPOSVETSKA C. - TURNERJEVA UL.,Gosposvetska cesta 69,"{'lat': 46.562695, 'lng': 15.62935}",False,False,22,3,19,OPEN
2024-04-12 04:12:50,1,maribor,GOSPOSVETSKA C. - TURNERJEVA UL.,Gosposvetska cesta 69,"{'lat': 46.562695, 'lng': 15.62935}",False,False,22,3,19,OPEN
2024-04-12 05:13:34,1,maribor,GOSPOSVETSKA C. - TURNERJEVA UL.,Gosposvetska cesta 69,"{'lat': 46.562695, 'lng': 15.62935}",False,False,22,13,9,OPEN
2024-04-12 06:17:57,1,maribor,GOSPOSVETSKA C. - TURNERJEVA UL.,Gosposvetska cesta 69,"{'lat': 46.562695, 'lng': 15.62935}",False,False,22,21,1,OPEN
2024-04-12 07:17:11,1,maribor,GOSPOSVETSKA C. - TURNERJEVA UL.,Gosposvetska cesta 69,"{'lat': 46.562695, 'lng': 15.62935}",False,False,22,21,1,OPEN
2024-04-12 08:16:28,1,maribor,GOSPOSVETSKA C. - TURNERJEVA UL.,Gosposvetska cesta 69,"{'lat': 46.562695, 'lng': 15.62935}",False,False,22,18,3,OPEN
2024-04-12 09:12:35,1,maribor,GOSPOSVETSKA C. - TURNERJEVA UL.,Gosposvetska cesta 69,"{'lat': 46.562695, 'lng': 15.62935}",False,False,22,18,3,OPEN
2024-04-12 10:13:26,1,maribor,GOSPOSVETSKA C. - TURNERJEVA UL.,Gosposvetska cesta 69,"{'lat': 46.562695, 'lng': 15.62935}",False,False,22,21,0,OPEN
2024-04-12 11:14:29,1,maribor,GOSPOSVETSKA C. - TURNERJEVA UL.,Gosposvetska cesta 69,"{'lat': 46.562695, 'lng': 15.62935}",False,False,22,17,4,OPEN
2024-04-12 12:24:38,1,maribor,GOSPOSVETSKA C. - TURNERJEVA UL.,Gosposvetska cesta 69,"{'lat': 46.562695, 'lng': 15.62935}",False,False,22,21,0,OPEN
2024-04-12 13:15:30,1,maribor,GOSPOSVETSKA C. - TURNERJEVA UL.,Gosposvetska cesta 69,"{'lat': 46.562695, 'lng': 15.62935}",False,False,22,12,10,OPEN
2024-04-12 14:11:30,1,maribor,GOSPOSVETSKA C. - TURNERJEVA UL.,Gosposvetska cesta 69,"{'lat': 46.562695, 'lng': 15.62935}",False,False,22,13,9,OPEN
2024-04-12 15:13:48,1,maribor,GOSPOSVETSKA C. - TURNERJEVA UL.,Gosposvetska cesta 69,"{'lat': 46.562695, 'lng': 15.62935}",False,False,22,21,1,OPEN
2024-04-12 16:18:44,1,maribor,GOSPOSVETSKA C. - TURNERJEVA UL.,Gosposvetska cesta 69,"{'lat': 46.562695, 'lng': 15.62935}",False,False,22,20,2,OPEN
2024-04-12 17:13:53,1,maribor,GOSPOSVETSKA C. - TURNERJEVA UL.,Gosposvetska cesta 69,"{'lat': 46.562695, 'lng': 15.62935}",False,False,22,22,0,OPEN
2024-04-12 18:15:58,1,maribor,GOSPOSVETSKA C. - TURNERJEVA UL.,Gosposvetska cesta 69,"{'lat': 46.562695, 'lng': 15.62935}",False,False,22,21,1,OPEN
2024-04-12 19:12:55,1,maribor,GOSPOSVETSKA C. - TURNERJEVA UL.,Gosposvetska cesta 69,"{'lat': 46.562695, 'lng': 15.62935}",False,False,22,22,0,OPEN
2024-04-12 20:13:33,1,maribor,GOSPOSVETSKA C. - TURNERJEVA UL.,Gosposvetska cesta 69,"{'lat': 46.562695, 'lng': 15.62935}",False,False,22,21,1,OPEN
2024-04-12 21:10:14,1,maribor,GOSPOSVETSKA C. - TURNERJEVA UL.,Gosposvetska cesta 69,"{'lat': 46.562695, 'lng': 15.62935}",False,False,22,17,5,OPEN
2024-04-12 22:07:09,1,maribor,GOSPOSVETSKA C. - TURNERJEVA UL.,Gosposvetska cesta 69,"{'lat': 46.562695, 'lng': 15.62935}",False,False,22,11,11,OPEN
2024-04-12 23:07:40,1,maribor,GOSPOSVETSKA C. - TURNERJEVA UL.,Gosposvetska cesta 69,"{'lat': 46.562695, 'lng': 15.62935}",False,False,22,5,17,OPEN
2024-04-13 00:48:36,1,maribor,GOSPOSVETSKA C. - TURNERJEVA UL.,Gosposvetska cesta 69,"{'lat': 46.562695, 'lng': 15.62935}",False,False,22,0,22,OPEN
2024-04-13 01:31:38,1,maribor,GOSPOSVETSKA C. - TURNERJEVA UL.,Gosposvetska cesta 69,"{'lat': 46.562695, 'lng': 15.62935}",False,False,22,0,22,OPEN
2024-04-13 02:10:57,1,maribor,GOSPOSVETSKA C. - TURNERJEVA UL.,Gosposvetska cesta 69,"{'lat': 46.562695, 'lng': 15.62935}",False,False,22,0,22,OPEN
2024-04-13 03:11:28,1,maribor,GOSPOSVETSKA C. - TURNERJEVA UL.,Gosposvetska cesta 69,"{'lat': 46.562695, 'lng': 15.62935}",False,False,22,0,22,OPEN
2024-04-13 04:11:59,1,maribor,GOSPOSVETSKA C. - TURNERJEVA UL.,Gosposvetska cesta 69,"{'lat': 46.562695, 'lng': 15.62935}",False,False,22,1,21,OPEN
2024-04-13 05:12:33,1,maribor,GOSPOSVETSKA C. - TURNERJEVA UL.,Gosposvetska cesta 69,"{'lat': 46.562695, 'lng': 15.62935}",False,False,22,2,20,OPEN
2024-04-13 06:13:10,1,maribor,GOSPOSVETSKA C. - TURNERJEVA UL.,Gosposvetska cesta 69,"{'lat': 46.562695, 'lng': 15.62935}",False,False,22,6,16,OPEN
2024-04-13 07:13:48,1,maribor,GOSPOSVETSKA C. - TURNERJEVA UL.,Gosposvetska cesta 69,"{'lat': 46.562695, 'lng': 15.62935}",False,False,22,11,11,OPEN
2024-04-13 08:09:39,1,maribor,GOSPOSVETSKA C. - TURNERJEVA UL.,Gosposvetska cesta 69,"{'lat': 46.562695, 'lng': 15.62935}",False,False,22,15,7,OPEN
2024-04-13 09:09:48,1,maribor,GOSPOSVETSKA C. - TURNERJEVA UL.,Gosposvetska cesta 69,"{'lat': 46.562695, 'lng': 15.62935}",False,False,22,22,0,OPEN
2024-04-13 10:05:43,1,maribor,GOSPOSVETSKA C. - TURNERJEVA UL.,Gosposvetska cesta 69,"{'lat': 46.562695, 'lng': 15.62935}",False,False,22,22,0,OPEN
2024-04-13 11:06:16,1,maribor,GOSPOSVETSKA C. - TURNERJEVA UL.,Gosposvetska cesta 69,"{'lat': 46.562695, 'lng': 15.62935}",False,False,22,22,0,OPEN
2024-04-13 12:17:51,1,maribor,GOSPOSVETSKA C. - TURNERJEVA UL.,Gosposvetska cesta 69,"{'lat': 46.562695, 'lng': 15.62935}",False,False,22,22,0,OPEN
2024-04-13 13:07:18,1,maribor,GOSPOSVETSKA C. - TURNERJEVA UL.,Gosposvetska cesta 69,"{'lat': 46.562695, 'lng': 15.62935}",False,False,22,22,0,OPEN
2024-04-13 14:07:51,1,maribor,GOSPOSVETSKA C. - TURNERJEVA UL.,Gosposvetska cesta 69,"{'lat': 46.562695, 'lng': 15.62935}",False,False,22,22,0,OPEN
2024-04-13 15:08:35,1,maribor,GOSPOSVETSKA C. - TURNERJEVA UL.,Gosposvetska cesta 69,"{'lat': 46.562695, 'lng': 15.62935}",False,False,22,18,4,OPEN
2024-04-13 16:17:44,1,maribor,GOSPOSVETSKA C. - TURNERJEVA UL.,Gosposvetska cesta 69,"{'lat': 46.562695, 'lng': 15.62935}",False,False,22,19,3,OPEN
2024-04-13 17:09:50,1,maribor,GOSPOSVETSKA C. - TURNERJEVA UL.,Gosposvetska cesta 69,"{'lat': 46.562695, 'lng': 15.62935}",False,False,22,20,2,OPEN
2024-04-13 18:10:27,1,maribor,GOSPOSVETSKA C. - TURNERJEVA UL.,Gosposvetska cesta 69,"{'lat': 46.562695, 'lng': 15.62935}",False,False,22,22,0,OPEN
2024-04-13 19:09:09,1,maribor,GOSPOSVETSKA C. - TURNERJEVA UL.,Gosposvetska cesta 69,"{'lat': 46.562695, 'lng': 15.62935}",False,False,22,15,7,OPEN
2024-04-13 20:12:08,1,maribor,GOSPOSVETSKA C. - TURNERJEVA UL.,Gosposvetska cesta 69,"{'lat': 46.562695, 'lng': 15.62935}",False,False,22,9,13,OPEN
2024-04-13 21:12:16,1,maribor,GOSPOSVETSKA C. - TURNERJEVA UL.,Gosposvetska cesta 69,"{'lat': 46.562695, 'lng': 15.62935}",False,False,22,2,20,OPEN
2024-04-13 22:12:55,1,maribor,GOSPOSVETSKA C. - TURNERJEVA UL.,Gosposvetska cesta 69,"{'lat': 46.562695, 'lng': 15.62935}",False,False,22,3,19,OPEN
2024-04-13 23:13:29,1,maribor,GOSPOSVETSKA C. - TURNERJEVA UL.,Gosposvetska cesta 69,"{'lat': 46.562695, 'lng': 15.62935}",False,False,22,1,21,OPEN
2024-04-14 01:32:40,1,maribor,GOSPOSVETSKA C. - TURNERJEVA UL.,Gosposvetska cesta 69,"{'lat': 46.562695, 'lng': 15.62935}",False,False,22,4,18,OPEN
2024-04-14 03:12:39,1,maribor,GOSPOSVETSKA C. - TURNERJEVA UL.,Gosposvetska cesta 69,"{'lat': 46.562695, 'lng': 15.62935}",False,False,22,11,11,OPEN
2024-04-14 04:33:22,1,maribor,GOSPOSVETSKA C. - TURNERJEVA UL.,Gosposvetska cesta 69,"{'lat': 46.562695, 'lng': 15.62935}",False,False,22,10,12,OPEN
2024-04-14 05:54:06,1,maribor,GOSPOSVETSKA C. - TURNERJEVA UL.,Gosposvetska cesta 69,"{'lat': 46.562695, 'lng': 15.62935}",False,False,22,12,10,OPEN
2024-04-14 08:05:21,1,maribor,GOSPOSVETSKA C. - TURNERJEVA UL.,Gosposvetska cesta 69,"{'lat': 46.562695, 'lng': 15.62935}",False,False,22,14,8,OPEN
2024-04-14 11:18:03,1,maribor,GOSPOSVETSKA C. - TURNERJEVA UL.,Gosposvetska cesta 69,"{'lat': 46.562695, 'lng': 15.62935}",False,False,22,18,4,OPEN
2024-04-14 14:41:42,1,maribor,GOSPOSVETSKA C. - TURNERJEVA UL.,Gosposvetska cesta 69,"{'lat': 46.562695, 'lng': 15.62935}",False,False,22,9,13,OPEN
2024-04-14 22:04:42,1,maribor,GOSPOSVETSKA C. - TURNERJEVA UL.,Gosposvetska cesta 69,"{'lat': 46.562695, 'lng': 15.62935}",False,False,22,0,22,OPEN
2024-04-14 23:55:43,1,maribor,GOSPOSVETSKA C. - TURNERJEVA UL.,Gosposvetska cesta 69,"{'lat': 46.562695, 'lng': 15.62935}",False,False,22,5,17,OPEN
2024-04-15 03:42:14,1,maribor,GOSPOSVETSKA C. - TURNERJEVA UL.,Gosposvetska cesta 69,"{'lat': 46.562695, 'lng': 15.62935}",False,False,22,0,22,OPEN
2024-04-15 04:29:16,1,maribor,GOSPOSVETSKA C. - TURNERJEVA UL.,Gosposvetska cesta 69,"{'lat': 46.562695, 'lng': 15.62935}",False,False,22,0,22,OPEN
2024-04-15 05:10:17,1,maribor,GOSPOSVETSKA C. - TURNERJEVA UL.,Gosposvetska cesta 69,"{'lat': 46.562695, 'lng': 15.62935}",False,False,22,7,15,OPEN
2024-04-15 06:18:42,1,maribor,GOSPOSVETSKA C. - TURNERJEVA UL.,Gosposvetska cesta 69,"{'lat': 46.562695, 'lng': 15.62935}",False,False,22,22,0,OPEN
2024-04-15 07:11:30,1,maribor,GOSPOSVETSKA C. - TURNERJEVA UL.,Gosposvetska cesta 69,"{'lat': 46.562695, 'lng': 15.62935}",False,False,22,15,7,OPEN
2024-04-15 08:13:13,1,maribor,GOSPOSVETSKA C. - TURNERJEVA UL.,Gosposvetska cesta 69,"{'lat': 46.562695, 'lng': 15.62935}",False,False,22,17,5,OPEN
2024-04-15 09:12:57,1,maribor,GOSPOSVETSKA C. - TURNERJEVA UL.,Gosposvetska cesta 69,"{'lat': 46.562695, 'lng': 15.62935}",False,False,22,18,4,OPEN
2024-04-15 10:09:45,1,maribor,GOSPOSVETSKA C. - TURNERJEVA UL.,Gosposvetska cesta 69,"{'lat': 46.562695, 'lng': 15.62935}",False,False,22,22,0,OPEN
2024-04-15 11:09:22,1,maribor,GOSPOSVETSKA C. - TURNERJEVA UL.,Gosposvetska cesta 69,"{'lat': 46.562695, 'lng': 15.62935}",False,False,22,19,3,OPEN
2024-04-15 12:24:10,1,maribor,GOSPOSVETSKA C. - TURNERJEVA UL.,Gosposvetska cesta 69,"{'lat': 46.562695, 'lng': 15.62935}",False,False,22,18,4,OPEN
2024-04-15 13:16:58,1,maribor,GOSPOSVETSKA C. - TURNERJEVA UL.,Gosposvetska cesta 69,"{'lat': 46.562695, 'lng': 15.62935}",False,False,22,21,1,OPEN
2024-04-15 14:13:02,1,maribor,GOSPOSVETSKA C. - TURNERJEVA UL.,Gosposvetska cesta 69,"{'lat': 46.562695, 'lng': 15.62935}",False,False,22,10,12,OPEN
2024-04-15 15:15:05,1,maribor,GOSPOSVETSKA C. - TURNERJEVA UL.,Gosposvetska cesta 69,"{'lat': 46.562695, 'lng': 15.62935}",False,False,22,4,18,OPEN
2024-04-15 16:17:31,1,maribor,GOSPOSVETSKA C. - TURNERJEVA UL.,Gosposvetska cesta 69,"{'lat': 46.562695, 'lng': 15.62935}",False,False,22,11,11,OPEN
2024-04-15 17:09:26,1,maribor,GOSPOSVETSKA C. - TURNERJEVA UL.,Gosposvetska cesta 69,"{'lat': 46.562695, 'lng': 15.62935}",False,False,22,9,13,OPEN
2024-04-15 18:17:41,1,maribor,GOSPOSVETSKA C. - TURNERJEVA UL.,Gosposvetska cesta 69,"{'lat': 46.562695, 'lng': 15.62935}",False,False,22,4,18,OPEN
2024-04-15 19:11:29,1,maribor,GOSPOSVETSKA C. - TURNERJEVA UL.,Gosposvetska cesta 69,"{'lat': 46.562695, 'lng': 15.62935}",False,False,22,10,12,OPEN
2024-04-15 20:14:12,1,maribor,GOSPOSVETSKA C. - TURNERJEVA UL.,Gosposvetska cesta 69,"{'lat': 46.562695, 'lng': 15.62935}",False,False,22,7,15,OPEN
2024-04-15 21:07:11,1,maribor,GOSPOSVETSKA C. - TURNERJEVA UL.,Gosposvetska cesta 69,"{'lat': 46.562695, 'lng': 15.62935}",False,False,22,2,20,OPEN
2024-04-15 22:12:00,1,maribor,GOSPOSVETSKA C. - TURNERJEVA UL.,Gosposvetska cesta 69,"{'lat': 46.562695, 'lng': 15.62935}",False,False,22,4,18,OPEN
2024-04-15 23:08:35,1,maribor,GOSPOSVETSKA C. - TURNERJEVA UL.,Gosposvetska cesta 69,"{'lat': 46.562695, 'lng': 15.62935}",False,False,22,8,14,OPEN
2024-04-16 00:59:36,1,maribor,GOSPOSVETSKA C. - TURNERJEVA UL.,Gosposvetska cesta 69,"{'lat': 46.562695, 'lng': 15.62935}",False,False,22,10,12,OPEN
2024-04-16 02:21:03,1,maribor,GOSPOSVETSKA C. - TURNERJEVA UL.,Gosposvetska cesta 69,"{'lat': 46.562695, 'lng': 15.62935}",False,False,22,8,14,OPEN
2024-04-16 03:11:29,1,maribor,GOSPOSVETSKA C. - TURNERJEVA UL.,Gosposvetska cesta 69,"{'lat': 46.562695, 'lng': 15.62935}",False,False,22,8,14,OPEN
2024-04-16 04:16:19,1,maribor,GOSPOSVETSKA C. - TURNERJEVA UL.,Gosposvetska cesta 69,"{'lat': 46.562695, 'lng': 15.62935}",False,False,22,10,12,OPEN
2024-04-16 05:13:57,1,maribor,GOSPOSVETSKA C. - TURNERJEVA UL.,Gosposvetska cesta 69,"{'lat': 46.562695, 'lng': 15.62935}",False,False,22,17,5,OPEN
2024-04-16 06:17:25,1,maribor,GOSPOSVETSKA C. - TURNERJEVA UL.,Gosposvetska cesta 69,"{'lat': 46.562695, 'lng': 15.62935}",False,False,22,15,7,OPEN
2024-04-16 07:14:38,1,maribor,GOSPOSVETSKA C. - TURNERJEVA UL.,Gosposvetska cesta 69,"{'lat': 46.562695, 'lng': 15.62935}",False,False,22,21,1,OPEN
2024-04-16 08:15:11,1,maribor,GOSPOSVETSKA C. - TURNERJEVA UL.,Gosposvetska cesta 69,"{'lat': 46.562695, 'lng': 15.62935}",False,False,22,17,5,OPEN
2024-04-16 09:05:42,1,maribor,GOSPOSVETSKA C. - TURNERJEVA UL.,Gosposvetska cesta 69,"{'lat': 46.562695, 'lng': 15.62935}",False,False,22,21,1,OPEN
2024-04-16 10:06:14,1,maribor,GOSPOSVETSKA C. - TURNERJEVA UL.,Gosposvetska cesta 69,"{'lat': 46.562695, 'lng': 15.62935}",False,False,22,21,1,OPEN
2024-04-16 11:06:44,1,maribor,GOSPOSVETSKA C. - TURNERJEVA UL.,Gosposvetska cesta 69,"{'lat': 46.562695, 'lng': 15.62935}",False,False,22,21,1,OPEN
2024-04-16 12:27:26,1,maribor,GOSPOSVETSKA C. - TURNERJEVA UL.,Gosposvetska cesta 69,"{'lat': 46.562695, 'lng': 15.62935}",False,False,22,20,2,OPEN
2024-04-16 13:07:51,1,maribor,GOSPOSVETSKA C. - TURNERJEVA UL.,Gosposvetska cesta 69,"{'lat': 46.562695, 'lng': 15.62935}",False,False,22,18,4,OPEN
2024-04-16 14:08:33,1,maribor,GOSPOSVETSKA C. - TURNERJEVA UL.,Gosposvetska cesta 69,"{'lat': 46.562695, 'lng': 15.62935}",False,False,22,9,13,OPEN
2024-04-16 15:09:56,1,maribor,GOSPOSVETSKA C. - TURNERJEVA UL.,Gosposvetska cesta 69,"{'lat': 46.562695, 'lng': 15.62935}",False,False,22,11,11,OPEN
2024-04-16 16:09:49,1,maribor,GOSPOSVETSKA C. - TURNERJEVA UL.,Gosposvetska cesta 69,"{'lat': 46.562695, 'lng': 15.62935}",False,False,22,9,13,OPEN
2024-04-16 17:13:41,1,maribor,GOSPOSVETSKA C. - TURNERJEVA UL.,Gosposvetska cesta 69,"{'lat': 46.562695, 'lng': 15.62935}",False,False,22,8,14,OPEN
2024-04-16 18:14:44,1,maribor,GOSPOSVETSKA C. - TURNERJEVA UL.,Gosposvetska cesta 69,"{'lat': 46.562695, 'lng': 15.62935}",False,False,22,6,16,OPEN
2024-04-16 19:11:58,1,maribor,GOSPOSVETSKA C. - TURNERJEVA UL.,Gosposvetska cesta 69,"{'lat': 46.562695, 'lng': 15.62935}",False,False,22,7,15,OPEN
2024-04-16 20:12:37,1,maribor,GOSPOSVETSKA C. - TURNERJEVA UL.,Gosposvetska cesta 69,"{'lat': 46.562695, 'lng': 15.62935}",False,False,22,2,20,OPEN
2024-04-16 21:13:21,1,maribor,GOSPOSVETSKA C. - TURNERJEVA UL.,Gosposvetska cesta 69,"{'lat': 46.562695, 'lng': 15.62935}",False,False,22,8,14,OPEN
2024-04-16 22:14:00,1,maribor,GOSPOSVETSKA C. - TURNERJEVA UL.,Gosposvetska cesta 69,"{'lat': 46.562695, 'lng': 15.62935}",False,False,22,2,20,OPEN
2024-04-16 23:14:40,1,maribor,GOSPOSVETSKA C. - TURNERJEVA UL.,Gosposvetska cesta 69,"{'lat': 46.562695, 'lng': 15.62935}",False,False,22,3,19,OPEN
2024-04-17 01:05:58,1,maribor,GOSPOSVETSKA C. - TURNERJEVA UL.,Gosposvetska cesta 69,"{'lat': 46.562695, 'lng': 15.62935}",False,False,22,22,0,OPEN
2024-04-17 02:22:04,1,maribor,GOSPOSVETSKA C. - TURNERJEVA UL.,Gosposvetska cesta 69,"{'lat': 46.562695, 'lng': 15.62935}",False,False,22,22,0,OPEN
2024-04-17 03:12:31,1,maribor,GOSPOSVETSKA C. - TURNERJEVA UL.,Gosposvetska cesta 69,"{'lat': 46.562695, 'lng': 15.62935}",False,False,22,22,0,OPEN
2024-04-17 04:13:03,1,maribor,GOSPOSVETSKA C. - TURNERJEVA UL.,Gosposvetska cesta 69,"{'lat': 46.562695, 'lng': 15.62935}",False,False,22,22,0,OPEN
2024-04-17 05:13:35,1,maribor,GOSPOSVETSKA C. - TURNERJEVA UL.,Gosposvetska cesta 69,"{'lat': 46.562695, 'lng': 15.62935}",False,False,22,22,0,OPEN
2024-04-17 06:14:42,1,maribor,GOSPOSVETSKA C. - TURNERJEVA UL.,Gosposvetska cesta 69,"{'lat': 46.562695, 'lng': 15.62935}",False,False,22,22,0,OPEN
2024-04-17 07:15:35,1,maribor,GOSPOSVETSKA C. - TURNERJEVA UL.,Gosposvetska cesta 69,"{'lat': 46.562695, 'lng': 15.62935}",False,False,22,22,0,OPEN
2024-04-17 08:18:21,1,maribor,GOSPOSVETSKA C. - TURNERJEVA UL.,Gosposvetska cesta 69,"{'lat': 46.562695, 'lng': 15.62935}",False,False,22,22,0,OPEN
2024-04-17 09:10:54,1,maribor,GOSPOSVETSKA C. - TURNERJEVA UL.,Gosposvetska cesta 69,"{'lat': 46.562695, 'lng': 15.62935}",False,False,22,20,2,OPEN
2024-04-17 10:17:03,1,maribor,GOSPOSVETSKA C. - TURNERJEVA UL.,Gosposvetska cesta 69,"{'lat': 46.562695, 'lng': 15.62935}",False,False,22,14,8,OPEN
2024-04-17 11:12:45,1,maribor,GOSPOSVETSKA C. - TURNERJEVA UL.,Gosposvetska cesta 69,"{'lat': 46.562695, 'lng': 15.62935}",False,False,22,19,3,OPEN
2024-04-17 12:23:32,1,maribor,GOSPOSVETSKA C. - TURNERJEVA UL.,Gosposvetska cesta 69,"{'lat': 46.562695, 'lng': 15.62935}",False,False,22,9,13,OPEN
2024-04-17 13:15:48,1,maribor,GOSPOSVETSKA C. - TURNERJEVA UL.,Gosposvetska cesta 69,"{'lat': 46.562695, 'lng': 15.62935}",False,False,22,22,0,OPEN
2024-04-17 14:13:38,1,maribor,GOSPOSVETSKA C. - TURNERJEVA UL.,Gosposvetska cesta 69,"{'lat': 46.562695, 'lng': 15.62935}",False,False,22,13,9,OPEN
2024-04-17 15:16:21,1,maribor,GOSPOSVETSKA C. - TURNERJEVA UL.,Gosposvetska cesta 69,"{'lat': 46.562695, 'lng': 15.62935}",False,False,22,16,6,OPEN
2024-04-17 16:20:00,1,maribor,GOSPOSVETSKA C. - TURNERJEVA UL.,Gosposvetska cesta 69,"{'lat': 46.562695, 'lng': 15.62935}",False,False,22,14,8,OPEN
2024-04-17 17:05:34,1,maribor,GOSPOSVETSKA C. - TURNERJEVA UL.,Gosposvetska cesta 69,"{'lat': 46.562695, 'lng': 15.62935}",False,False,22,10,12,OPEN
2024-04-17 18:15:03,1,maribor,GOSPOSVETSKA C. - TURNERJEVA UL.,Gosposvetska cesta 69,"{'lat': 46.562695, 'lng': 15.62935}",False,False,22,11,11,OPEN
2024-04-17 19:14:47,1,maribor,GOSPOSVETSKA C. - TURNERJEVA UL.,Gosposvetska cesta 69,"{'lat': 46.562695, 'lng': 15.62935}",False,False,22,0,22,OPEN
2024-04-17 20:15:16,1,maribor,GOSPOSVETSKA C. - TURNERJEVA UL.,Gosposvetska cesta 69,"{'lat': 46.562695, 'lng': 15.62935}",False,False,22,0,22,OPEN
2024-04-17 21:13:12,1,maribor,GOSPOSVETSKA C. - TURNERJEVA UL.,Gosposvetska cesta 69,"{'lat': 46.562695, 'lng': 15.62935}",False,False,22,4,18,OPEN
2024-04-17 23:21:24,1,maribor,GOSPOSVETSKA C. - TURNERJEVA UL.,Gosposvetska cesta 69,"{'lat': 46.562695, 'lng': 15.62935}",False,False,22,7,15,OPEN
2024-04-18 01:31:37,1,maribor,GOSPOSVETSKA C. - TURNERJEVA UL.,Gosposvetska cesta 69,"{'lat': 46.562695, 'lng': 15.62935}",False,False,22,5,17,OPEN
2024-04-18 02:10:56,1,maribor,GOSPOSVETSKA C. - TURNERJEVA UL.,Gosposvetska cesta 69,"{'lat': 46.562695, 'lng': 15.62935}",False,False,22,5,17,OPEN
2024-04-18 03:01:22,1,maribor,GOSPOSVETSKA C. - TURNERJEVA UL.,Gosposvetska cesta 69,"{'lat': 46.562695, 'lng': 15.62935}",False,False,22,5,17,OPEN
2024-04-18 04:01:56,1,maribor,GOSPOSVETSKA C. - TURNERJEVA UL.,Gosposvetska cesta 69,"{'lat': 46.562695, 'lng': 15.62935}",False,False,22,5,17,OPEN
2024-04-18 05:02:41,1,maribor,GOSPOSVETSKA C. - TURNERJEVA UL.,Gosposvetska cesta 69,"{'lat': 46.562695, 'lng': 15.62935}",False,False,22,15,7,OPEN
2024-04-18 07:04:37,1,maribor,GOSPOSVETSKA C. - TURNERJEVA UL.,Gosposvetska cesta 69,"{'lat': 46.562695, 'lng': 15.62935}",False,False,22,22,0,OPEN
2024-04-18 08:05:04,1,maribor,GOSPOSVETSKA C. - TURNERJEVA UL.,Gosposvetska cesta 69,"{'lat': 46.562695, 'lng': 15.62935}",False,False,22,7,15,OPEN
2024-04-18 09:07:04,1,maribor,GOSPOSVETSKA C. - TURNERJEVA UL.,Gosposvetska cesta 69,"{'lat': 46.562695, 'lng': 15.62935}",False,False,22,10,12,OPEN
2024-04-18 10:03:48,1,maribor,GOSPOSVETSKA C. - TURNERJEVA UL.,Gosposvetska cesta 69,"{'lat': 46.562695, 'lng': 15.62935}",False,False,22,6,16,OPEN
2024-04-18 11:00:52,1,maribor,GOSPOSVETSKA C. - TURNERJEVA UL.,Gosposvetska cesta 69,"{'lat': 46.562695, 'lng': 15.62935}",False,False,22,13,9,OPEN
2024-04-18 12:08:29,1,maribor,GOSPOSVETSKA C. - TURNERJEVA UL.,Gosposvetska cesta 69,"{'lat': 46.562695, 'lng': 15.62935}",False,False,22,11,11,OPEN
2024-04-18 13:05:55,1,maribor,GOSPOSVETSKA C. - TURNERJEVA UL.,Gosposvetska cesta 69,"{'lat': 46.562695, 'lng': 15.62935}",False,False,22,19,3,OPEN
2024-04-18 14:25:52,1,maribor,GOSPOSVETSKA C. - TURNERJEVA UL.,Gosposvetska cesta 69,"{'lat': 46.562695, 'lng': 15.62935}",False,False,22,2,20,OPEN
2024-04-18 15:11:11,1,maribor,GOSPOSVETSKA C. - TURNERJEVA UL.,Gosposvetska cesta 69,"{'lat': 46.562695, 'lng': 15.62935}",False,False,22,11,11,OPEN
2024-04-18 16:13:03,1,maribor,GOSPOSVETSKA C. - TURNERJEVA UL.,Gosposvetska cesta 69,"{'lat': 46.562695, 'lng': 15.62935}",False,False,22,17,5,OPEN
2024-04-18 17:09:41,1,maribor,GOSPOSVETSKA C. - TURNERJEVA UL.,Gosposvetska cesta 69,"{'lat': 46.562695, 'lng': 15.62935}",False,False,22,15,7,OPEN
2024-04-18 18:13:41,1,maribor,GOSPOSVETSKA C. - TURNERJEVA UL.,Gosposvetska cesta 69,"{'lat': 46.562695, 'lng': 15.62935}",False,False,22,16,6,OPEN
2024-04-18 19:07:35,1,maribor,GOSPOSVETSKA C. - TURNERJEVA UL.,Gosposvetska cesta 69,"{'lat': 46.562695, 'lng': 15.62935}",False,False,22,13,9,OPEN
2024-04-18 20:05:51,1,maribor,GOSPOSVETSKA C. - TURNERJEVA UL.,Gosposvetska cesta 69,"{'lat': 46.562695, 'lng': 15.62935}",False,False,22,12,10,OPEN
2024-04-18 21:08:51,1,maribor,GOSPOSVETSKA C. - TURNERJEVA UL.,Gosposvetska cesta 69,"{'lat': 46.562695, 'lng': 15.62935}",False,False,22,7,15,OPEN
2024-04-18 22:06:14,1,maribor,GOSPOSVETSKA C. - TURNERJEVA UL.,Gosposvetska cesta 69,"{'lat': 46.562695, 'lng': 15.62935}",False,False,22,6,16,OPEN
2024-04-18 23:06:45,1,maribor,GOSPOSVETSKA C. - TURNERJEVA UL.,Gosposvetska cesta 69,"{'lat': 46.562695, 'lng': 15.62935}",False,False,22,6,16,OPEN
2024-04-19 01:40:42,1,maribor,GOSPOSVETSKA C. - TURNERJEVA UL.,Gosposvetska cesta 69,"{'lat': 46.562695, 'lng': 15.62935}",False,False,22,5,17,OPEN
2024-04-19 02:21:03,1,maribor,GOSPOSVETSKA C. - TURNERJEVA UL.,Gosposvetska cesta 69,"{'lat': 46.562695, 'lng': 15.62935}",False,False,22,5,17,OPEN
2024-04-19 03:11:31,1,maribor,GOSPOSVETSKA C. - TURNERJEVA UL.,Gosposvetska cesta 69,"{'lat': 46.562695, 'lng': 15.62935}",False,False,22,6,16,OPEN
2024-04-19 04:12:04,1,maribor,GOSPOSVETSKA C. - TURNERJEVA UL.,Gosposvetska cesta 69,"{'lat': 46.562695, 'lng': 15.62935}",False,False,22,7,15,OPEN
2024-04-19 05:07:43,1,maribor,GOSPOSVETSKA C. - TURNERJEVA UL.,Gosposvetska cesta 69,"{'lat': 46.562695, 'lng': 15.62935}",False,False,22,10,12,OPEN
2024-04-19 06:13:33,1,maribor,GOSPOSVETSKA C. - TURNERJEVA UL.,Gosposvetska cesta 69,"{'lat': 46.562695, 'lng': 15.62935}",False,False,22,20,2,OPEN
2024-04-19 07:04:09,1,maribor,GOSPOSVETSKA C. - TURNERJEVA UL.,Gosposvetska cesta 69,"{'lat': 46.562695, 'lng': 15.62935}",False,False,22,19,3,OPEN
2024-04-19 08:12:19,1,maribor,GOSPOSVETSKA C. - TURNERJEVA UL.,Gosposvetska cesta 69,"{'lat': 46.562695, 'lng': 15.62935}",False,False,22,8,14,OPEN
2024-04-19 09:12:24,1,maribor,GOSPOSVETSKA C. - TURNERJEVA UL.,Gosposvetska cesta 69,"{'lat': 46.562695, 'lng': 15.62935}",False,False,22,12,10,OPEN
2024-04-19 10:09:55,1,maribor,GOSPOSVETSKA C. - TURNERJEVA UL.,Gosposvetska cesta 69,"{'lat': 46.562695, 'lng': 15.62935}",False,False,22,10,12,OPEN
2024-04-19 11:07:41,1,maribor,GOSPOSVETSKA C. - TURNERJEVA UL.,Gosposvetska cesta 69,"{'lat': 46.562695, 'lng': 15.62935}",False,False,22,21,1,OPEN
2024-04-19 12:19:42,1,maribor,GOSPOSVETSKA C. - TURNERJEVA UL.,Gosposvetska cesta 69,"{'lat': 46.562695, 'lng': 15.62935}",False,False,22,21,1,OPEN
2024-04-19 13:11:02,1,maribor,GOSPOSVETSKA C. - TURNERJEVA UL.,Gosposvetska cesta 69,"{'lat': 46.562695, 'lng': 15.62935}",False,False,22,20,2,OPEN
2024-04-19 14:10:14,1,maribor,GOSPOSVETSKA C. - TURNERJEVA UL.,Gosposvetska cesta 69,"{'lat': 46.562695, 'lng': 15.62935}",False,False,22,17,5,OPEN
2024-04-19 15:10:41,1,maribor,GOSPOSVETSKA C. - TURNERJEVA UL.,Gosposvetska cesta 69,"{'lat': 46.562695, 'lng': 15.62935}",False,False,22,15,7,OPEN
2024-04-19 16:11:27,1,maribor,GOSPOSVETSKA C. - TURNERJEVA UL.,Gosposvetska cesta 69,"{'lat': 46.562695, 'lng': 15.62935}",False,False,22,22,0,OPEN
2024-04-19 17:05:12,1,maribor,GOSPOSVETSKA C. - TURNERJEVA UL.,Gosposvetska cesta 69,"{'lat': 46.562695, 'lng': 15.62935}",False,False,22,17,5,OPEN
2024-04-19 18:13:32,1,maribor,GOSPOSVETSKA C. - TURNERJEVA UL.,Gosposvetska cesta 69,"{'lat': 46.562695, 'lng': 15.62935}",False,False,22,20,2,OPEN
2024-04-19 19:03:33,1,maribor,GOSPOSVETSKA C. - TURNERJEVA UL.,Gosposvetska cesta 69,"{'lat': 46.562695, 'lng': 15.62935}",False,False,22,19,3,OPEN
2024-04-19 21:07:07,1,maribor,GOSPOSVETSKA C. - TURNERJEVA UL.,Gosposvetska cesta 69,"{'lat': 46.562695, 'lng': 15.62935}",False,False,22,4,18,OPEN
2024-04-19 22:05:21,1,maribor,GOSPOSVETSKA C. - TURNERJEVA UL.,Gosposvetska cesta 69,"{'lat': 46.562695, 'lng': 15.62935}",False,False,22,3,19,OPEN
2024-04-19 23:06:00,1,maribor,GOSPOSVETSKA C. - TURNERJEVA UL.,Gosposvetska cesta 69,"{'lat': 46.562695, 'lng': 15.62935}",False,False,22,5,17,OPEN
2024-04-20 01:40:41,1,maribor,GOSPOSVETSKA C. - TURNERJEVA UL.,Gosposvetska cesta 69,"{'lat': 46.562695, 'lng': 15.62935}",False,False,22,4,18,OPEN
2024-04-20 02:15:04,1,maribor,GOSPOSVETSKA C. - TURNERJEVA UL.,Gosposvetska cesta 69,"{'lat': 46.562695, 'lng': 15.62935}",False,False,22,3,19,OPEN
2024-04-20 03:11:30,1,maribor,GOSPOSVETSKA C. - TURNERJEVA UL.,Gosposvetska cesta 69,"{'lat': 46.562695, 'lng': 15.62935}",False,False,22,4,18,OPEN
2024-04-20 04:12:04,1,maribor,GOSPOSVETSKA C. - TURNERJEVA UL.,Gosposvetska cesta 69,"{'lat': 46.562695, 'lng': 15.62935}",False,False,22,6,16,OPEN
2024-04-20 05:02:29,1,maribor,GOSPOSVETSKA C. - TURNERJEVA UL.,Gosposvetska cesta 69,"{'lat': 46.562695, 'lng': 15.62935}",False,False,22,6,16,OPEN
2024-04-20 06:13:08,1,maribor,GOSPOSVETSKA C. - TURNERJEVA UL.,Gosposvetska cesta 69,"{'lat': 46.562695, 'lng': 15.62935}",False,False,22,5,17,OPEN
2024-04-20 07:03:39,1,maribor,GOSPOSVETSKA C. - TURNERJEVA UL.,Gosposvetska cesta 69,"{'lat': 46.562695, 'lng': 15.62935}",False,False,22,7,15,OPEN
2024-04-20 08:04:21,1,maribor,GOSPOSVETSKA C. - TURNERJEVA UL.,Gosposvetska cesta 69,"{'lat': 46.562695, 'lng': 15.62935}",False,False,22,12,10,OPEN
2024-04-20 09:04:56,1,maribor,GOSPOSVETSKA C. - TURNERJEVA UL.,Gosposvetska cesta 69,"{'lat': 46.562695, 'lng': 15.62935}",False,False,22,10,12,OPEN
2024-04-20 10:06:27,1,maribor,GOSPOSVETSKA C. - TURNERJEVA UL.,Gosposvetska cesta 69,"{'lat': 46.562695, 'lng': 15.62935}",False,False,22,16,6,OPEN
2024-04-20 11:06:17,1,maribor,GOSPOSVETSKA C. - TURNERJEVA UL.,Gosposvetska cesta 69,"{'lat': 46.562695, 'lng': 15.62935}",False,False,22,17,5,OPEN
2024-04-20 12:19:05,1,maribor,GOSPOSVETSKA C. - TURNERJEVA UL.,Gosposvetska cesta 69,"{'lat': 46.562695, 'lng': 15.62935}",False,False,22,17,5,OPEN
2024-04-20 13:07:34,1,maribor,GOSPOSVETSKA C. - TURNERJEVA UL.,Gosposvetska cesta 69,"{'lat': 46.562695, 'lng': 15.62935}",False,False,22,19,3,OPEN
2024-04-20 14:08:10,1,maribor,GOSPOSVETSKA C. - TURNERJEVA UL.,Gosposvetska cesta 69,"{'lat': 46.562695, 'lng': 15.62935}",False,False,22,21,1,OPEN
2024-04-20 15:08:45,1,maribor,GOSPOSVETSKA C. - TURNERJEVA UL.,Gosposvetska cesta 69,"{'lat': 46.562695, 'lng': 15.62935}",False,False,22,22,0,OPEN
2024-04-20 16:09:16,1,maribor,GOSPOSVETSKA C. - TURNERJEVA UL.,Gosposvetska cesta 69,"{'lat': 46.562695, 'lng': 15.62935}",False,False,22,21,1,OPEN
2024-04-20 17:09:54,1,maribor,GOSPOSVETSKA C. - TURNERJEVA UL.,Gosposvetska cesta 69,"{'lat': 46.562695, 'lng': 15.62935}",False,False,22,18,4,OPEN
2024-04-20 18:10:30,1,maribor,GOSPOSVETSKA C. - TURNERJEVA UL.,Gosposvetska cesta 69,"{'lat': 46.562695, 'lng': 15.62935}",False,False,22,16,6,OPEN
2024-04-20 19:08:02,1,maribor,GOSPOSVETSKA C. - TURNERJEVA UL.,Gosposvetska cesta 69,"{'lat': 46.562695, 'lng': 15.62935}",False,False,22,17,5,OPEN
2024-04-20 20:09:57,1,maribor,GOSPOSVETSKA C. - TURNERJEVA UL.,Gosposvetska cesta 69,"{'lat': 46.562695, 'lng': 15.62935}",False,False,22,12,10,OPEN
2024-04-20 21:03:14,1,maribor,GOSPOSVETSKA C. - TURNERJEVA UL.,Gosposvetska cesta 69,"{'lat': 46.562695, 'lng': 15.62935}",False,False,22,8,14,OPEN
2024-04-20 22:03:00,1,maribor,GOSPOSVETSKA C. - TURNERJEVA UL.,Gosposvetska cesta 69,"{'lat': 46.562695, 'lng': 15.62935}",False,False,22,1,21,OPEN
2024-04-20 23:08:14,1,maribor,GOSPOSVETSKA C. - TURNERJEVA UL.,Gosposvetska cesta 69,"{'lat': 46.562695, 'lng': 15.62935}",False,False,22,0,22,OPEN
2024-04-21 01:50:54,1,maribor,GOSPOSVETSKA C. - TURNERJEVA UL.,Gosposvetska cesta 69,"{'lat': 46.562695, 'lng': 15.62935}",False,False,22,8,14,OPEN
2024-04-21 02:21:06,1,maribor,GOSPOSVETSKA C. - TURNERJEVA UL.,Gosposvetska cesta 69,"{'lat': 46.562695, 'lng': 15.62935}",False,False,22,10,12,OPEN
2024-04-21 03:11:38,1,maribor,GOSPOSVETSKA C. - TURNERJEVA UL.,Gosposvetska cesta 69,"{'lat': 46.562695, 'lng': 15.62935}",False,False,22,14,8,OPEN
2024-04-21 04:13:50,1,maribor,GOSPOSVETSKA C. - TURNERJEVA UL.,Gosposvetska cesta 69,"{'lat': 46.562695, 'lng': 15.62935}",False,False,22,18,4,OPEN
2024-04-21 05:02:51,1,maribor,GOSPOSVETSKA C. - TURNERJEVA UL.,Gosposvetska cesta 69,"{'lat': 46.562695, 'lng': 15.62935}",False,False,22,15,7,OPEN
2024-04-21 06:13:29,1,maribor,GOSPOSVETSKA C. - TURNERJEVA UL.,Gosposvetska cesta 69,"{'lat': 46.562695, 'lng': 15.62935}",False,False,22,15,7,OPEN
2024-04-21 07:03:58,1,maribor,GOSPOSVETSKA C. - TURNERJEVA UL.,Gosposvetska cesta 69,"{'lat': 46.562695, 'lng': 15.62935}",False,False,22,16,6,OPEN
2024-04-21 08:04:32,1,maribor,GOSPOSVETSKA C. - TURNERJEVA UL.,Gosposvetska cesta 69,"{'lat': 46.562695, 'lng': 15.62935}",False,False,22,17,5,OPEN
2024-04-21 09:05:09,1,maribor,GOSPOSVETSKA C. - TURNERJEVA UL.,Gosposvetska cesta 69,"{'lat': 46.562695, 'lng': 15.62935}",False,False,22,22,0,OPEN
2024-04-21 10:05:41,1,maribor,GOSPOSVETSKA C. - TURNERJEVA UL.,Gosposvetska cesta 69,"{'lat': 46.562695, 'lng': 15.62935}",False,False,22,21,1,OPEN
2024-04-21 11:06:20,1,maribor,GOSPOSVETSKA C. - TURNERJEVA UL.,Gosposvetska cesta 69,"{'lat': 46.562695, 'lng': 15.62935}",False,False,22,21,1,OPEN
2024-04-21 12:16:58,1,maribor,GOSPOSVETSKA C. - TURNERJEVA UL.,Gosposvetska cesta 69,"{'lat': 46.562695, 'lng': 15.62935}",False,False,22,21,1,OPEN
2024-04-21 13:11:20,1,maribor,GOSPOSVETSKA C. - TURNERJEVA UL.,Gosposvetska cesta 69,"{'lat': 46.562695, 'lng': 15.62935}",False,False,22,22,0,OPEN
2024-04-21 14:08:04,1,maribor,GOSPOSVETSKA C. - TURNERJEVA UL.,Gosposvetska cesta 69,"{'lat': 46.562695, 'lng': 15.62935}",False,False,22,20,2,OPEN
2024-04-21 15:08:41,1,maribor,GOSPOSVETSKA C. - TURNERJEVA UL.,Gosposvetska cesta 69,"{'lat': 46.562695, 'lng': 15.62935}",False,False,22,21,1,OPEN
2024-04-21 16:09:22,1,maribor,GOSPOSVETSKA C. - TURNERJEVA UL.,Gosposvetska cesta 69,"{'lat': 46.562695, 'lng': 15.62935}",False,False,22,16,6,OPEN
2024-04-21 17:10:04,1,maribor,GOSPOSVETSKA C. - TURNERJEVA UL.,Gosposvetska cesta 69,"{'lat': 46.562695, 'lng': 15.62935}",False,False,22,8,14,OPEN
2024-04-21 18:13:54,1,maribor,GOSPOSVETSKA C. - TURNERJEVA UL.,Gosposvetska cesta 69,"{'lat': 46.562695, 'lng': 15.62935}",False,False,22,7,15,OPEN
2024-04-21 19:04:28,1,maribor,GOSPOSVETSKA C. - TURNERJEVA UL.,Gosposvetska cesta 69,"{'lat': 46.562695, 'lng': 15.62935}",False,False,22,13,9,OPEN
2024-04-21 20:10:05,1,maribor,GOSPOSVETSKA C. - TURNERJEVA UL.,Gosposvetska cesta 69,"{'lat': 46.562695, 'lng': 15.62935}",False,False,22,5,17,OPEN
2024-04-22 08:42:17,1,maribor,GOSPOSVETSKA C. - TURNERJEVA UL.,Gosposvetska cesta 69,"{'lat': 46.562695, 'lng': 15.62935}",False,False,22,19,3,OPEN
2024-04-22 09:12:30,1,maribor,GOSPOSVETSKA C. - TURNERJEVA UL.,Gosposvetska cesta 69,"{'lat': 46.562695, 'lng': 15.62935}",False,False,22,15,7,OPEN
2024-04-29 12:29:02,1,maribor,GOSPOSVETSKA C. - TURNERJEVA UL.,Gosposvetska cesta 69,"{'lat': 46.562695, 'lng': 15.62935}",False,False,22,18,4,OPEN
2024-04-29 14:09:14,1,maribor,GOSPOSVETSKA C. - TURNERJEVA UL.,Gosposvetska cesta 69,"{'lat': 46.562695, 'lng': 15.62935}",False,False,22,17,5,OPEN
2024-04-29 15:08:53,1,maribor,GOSPOSVETSKA C. - TURNERJEVA UL.,Gosposvetska cesta 69,"{'lat': 46.562695, 'lng': 15.62935}",False,False,22,18,4,OPEN
2024-04-29 16:10:20,1,maribor,GOSPOSVETSKA C. - TURNERJEVA UL.,Gosposvetska cesta 69,"{'lat': 46.562695, 'lng': 15.62935}",False,False,22,13,9,OPEN
2024-04-29 17:00:12,1,maribor,GOSPOSVETSKA C. - TURNERJEVA UL.,Gosposvetska cesta 69,"{'lat': 46.562695, 'lng': 15.62935}",False,False,22,8,14,OPEN
2024-04-29 18:13:44,1,maribor,GOSPOSVETSKA C. - TURNERJEVA UL.,Gosposvetska cesta 69,"{'lat': 46.562695, 'lng': 15.62935}",False,False,22,8,14,OPEN
2024-04-29 19:01:35,1,maribor,GOSPOSVETSKA C. - TURNERJEVA UL.,Gosposvetska cesta 69,"{'lat': 46.562695, 'lng': 15.62935}",False,False,22,2,20,OPEN
2024-04-29 20:04:24,1,maribor,GOSPOSVETSKA C. - TURNERJEVA UL.,Gosposvetska cesta 69,"{'lat': 46.562695, 'lng': 15.62935}",False,False,22,2,20,OPEN
2024-04-29 21:02:45,1,maribor,GOSPOSVETSKA C. - TURNERJEVA UL.,Gosposvetska cesta 69,"{'lat': 46.562695, 'lng': 15.62935}",False,False,22,0,22,OPEN
2024-04-29 22:03:15,1,maribor,GOSPOSVETSKA C. - TURNERJEVA UL.,Gosposvetska cesta 69,"{'lat': 46.562695, 'lng': 15.62935}",False,False,22,0,22,OPEN
2024-04-29 23:03:45,1,maribor,GOSPOSVETSKA C. - TURNERJEVA UL.,Gosposvetska cesta 69,"{'lat': 46.562695, 'lng': 15.62935}",False,False,22,0,22,OPEN
2024-04-30 01:40:42,1,maribor,GOSPOSVETSKA C. - TURNERJEVA UL.,Gosposvetska cesta 69,"{'lat': 46.562695, 'lng': 15.62935}",False,False,22,0,22,OPEN
2024-04-30 02:10:56,1,maribor,GOSPOSVETSKA C. - TURNERJEVA UL.,Gosposvetska cesta 69,"{'lat': 46.562695, 'lng': 15.62935}",False,False,22,0,22,OPEN
2024-04-30 03:01:21,1,maribor,GOSPOSVETSKA C. - TURNERJEVA UL.,Gosposvetska cesta 69,"{'lat': 46.562695, 'lng': 15.62935}",False,False,22,0,22,OPEN
2024-04-30 04:11:58,1,maribor,GOSPOSVETSKA C. - TURNERJEVA UL.,Gosposvetska cesta 69,"{'lat': 46.562695, 'lng': 15.62935}",False,False,22,0,22,OPEN
2024-04-30 06:13:05,1,maribor,GOSPOSVETSKA C. - TURNERJEVA UL.,Gosposvetska cesta 69,"{'lat': 46.562695, 'lng': 15.62935}",False,False,22,6,16,OPEN
2024-04-30 07:03:37,1,maribor,GOSPOSVETSKA C. - TURNERJEVA UL.,Gosposvetska cesta 69,"{'lat': 46.562695, 'lng': 15.62935}",False,False,22,4,18,OPEN
2024-04-30 08:04:15,1,maribor,GOSPOSVETSKA C. - TURNERJEVA UL.,Gosposvetska cesta 69,"{'lat': 46.562695, 'lng': 15.62935}",False,False,22,8,14,OPEN
2024-04-30 09:04:51,1,maribor,GOSPOSVETSKA C. - TURNERJEVA UL.,Gosposvetska cesta 69,"{'lat': 46.562695, 'lng': 15.62935}",False,False,22,11,11,OPEN
2024-04-30 10:05:29,1,maribor,GOSPOSVETSKA C. - TURNERJEVA UL.,Gosposvetska cesta 69,"{'lat': 46.562695, 'lng': 15.62935}",False,False,22,13,9,OPEN
2024-04-30 11:06:10,1,maribor,GOSPOSVETSKA C. - TURNERJEVA UL.,Gosposvetska cesta 69,"{'lat': 46.562695, 'lng': 15.62935}",False,False,22,13,9,OPEN
2024-04-30 12:17:34,1,maribor,GOSPOSVETSKA C. - TURNERJEVA UL.,Gosposvetska cesta 69,"{'lat': 46.562695, 'lng': 15.62935}",False,False,22,13,9,OPEN
2024-04-30 13:10:47,1,maribor,GOSPOSVETSKA C. - TURNERJEVA UL.,Gosposvetska cesta 69,"{'lat': 46.562695, 'lng': 15.62935}",False,False,22,14,8,OPEN
2024-04-30 14:08:14,1,maribor,GOSPOSVETSKA C. - TURNERJEVA UL.,Gosposvetska cesta 69,"{'lat': 46.562695, 'lng': 15.62935}",False,False,22,18,4,OPEN
2024-04-30 15:08:47,1,maribor,GOSPOSVETSKA C. - TURNERJEVA UL.,Gosposvetska cesta 69,"{'lat': 46.562695, 'lng': 15.62935}",False,False,22,15,7,OPEN
2024-05-02 10:05:00,1,maribor,GOSPOSVETSKA C. - TURNERJEVA UL.,Gosposvetska cesta 69,"{'lat': 46.562695, 'lng': 15.62935}",False,False,22,22,0,OPEN
2024-05-13 09:14:19,1,maribor,GOSPOSVETSKA C. - TURNERJEVA UL.,Gosposvetska cesta 69,"{'lat': 46.562695, 'lng': 15.62935}",False,False,22,9,13,OPEN
2024-05-13 10:14:59,1,maribor,GOSPOSVETSKA C. - TURNERJEVA UL.,Gosposvetska cesta 69,"{'lat': 46.562695, 'lng': 15.62935}",False,False,22,9,13,OPEN
2024-05-13 14:16:57,1,maribor,GOSPOSVETSKA C. - TURNERJEVA UL.,Gosposvetska cesta 69,"{'lat': 46.562695, 'lng': 15.62935}",False,False,22,7,15,OPEN
2024-05-13 15:13:27,1,maribor,GOSPOSVETSKA C. - TURNERJEVA UL.,Gosposvetska cesta 69,"{'lat': 46.562695, 'lng': 15.62935}",False,False,22,10,12,OPEN
2024-05-13 16:11:57,1,maribor,GOSPOSVETSKA C. - TURNERJEVA UL.,Gosposvetska cesta 69,"{'lat': 46.562695, 'lng': 15.62935}",False,False,22,9,13,OPEN
2024-05-13 17:12:34,1,maribor,GOSPOSVETSKA C. - TURNERJEVA UL.,Gosposvetska cesta 69,"{'lat': 46.562695, 'lng': 15.62935}",False,False,22,8,14,OPEN
2024-05-13 18:23:15,1,maribor,GOSPOSVETSKA C. - TURNERJEVA UL.,Gosposvetska cesta 69,"{'lat': 46.562695, 'lng': 15.62935}",False,False,22,8,14,OPEN
2024-05-13 19:13:43,1,maribor,GOSPOSVETSKA C. - TURNERJEVA UL.,Gosposvetska cesta 69,"{'lat': 46.562695, 'lng': 15.62935}",False,False,22,9,13,OPEN
2024-05-13 20:14:23,1,maribor,GOSPOSVETSKA C. - TURNERJEVA UL.,Gosposvetska cesta 69,"{'lat': 46.562695, 'lng': 15.62935}",False,False,22,14,8,OPEN
2024-05-13 21:12:46,1,maribor,GOSPOSVETSKA C. - TURNERJEVA UL.,Gosposvetska cesta 69,"{'lat': 46.562695, 'lng': 15.62935}",False,False,22,12,10,OPEN
2024-05-13 22:05:24,1,maribor,GOSPOSVETSKA C. - TURNERJEVA UL.,Gosposvetska cesta 69,"{'lat': 46.562695, 'lng': 15.62935}",False,False,22,11,11,OPEN
2024-05-13 23:05:57,1,maribor,GOSPOSVETSKA C. - TURNERJEVA UL.,Gosposvetska cesta 69,"{'lat': 46.562695, 'lng': 15.62935}",False,False,22,12,10,OPEN
2024-05-14 01:50:47,1,maribor,GOSPOSVETSKA C. - TURNERJEVA UL.,Gosposvetska cesta 69,"{'lat': 46.562695, 'lng': 15.62935}",False,False,22,11,11,OPEN
2024-05-14 02:21:02,1,maribor,GOSPOSVETSKA C. - TURNERJEVA UL.,Gosposvetska cesta 69,"{'lat': 46.562695, 'lng': 15.62935}",False,False,22,11,11,OPEN
2024-05-14 03:11:28,1,maribor,GOSPOSVETSKA C. - TURNERJEVA UL.,Gosposvetska cesta 69,"{'lat': 46.562695, 'lng': 15.62935}",False,False,22,11,11,OPEN
2024-05-14 04:11:58,1,maribor,GOSPOSVETSKA C. - TURNERJEVA UL.,Gosposvetska cesta 69,"{'lat': 46.562695, 'lng': 15.62935}",False,False,22,11,11,OPEN
2024-05-14 05:12:33,1,maribor,GOSPOSVETSKA C. - TURNERJEVA UL.,Gosposvetska cesta 69,"{'lat': 46.562695, 'lng': 15.62935}",False,False,22,13,9,OPEN
2024-05-14 06:13:12,1,maribor,GOSPOSVETSKA C. - TURNERJEVA UL.,Gosposvetska cesta 69,"{'lat': 46.562695, 'lng': 15.62935}",False,False,22,14,8,OPEN
2024-05-14 07:13:57,1,maribor,GOSPOSVETSKA C. - TURNERJEVA UL.,Gosposvetska cesta 69,"{'lat': 46.562695, 'lng': 15.62935}",False,False,22,7,15,OPEN
2024-05-14 08:14:44,1,maribor,GOSPOSVETSKA C. - TURNERJEVA UL.,Gosposvetska cesta 69,"{'lat': 46.562695, 'lng': 15.62935}",False,False,22,8,14,OPEN
2024-05-14 09:15:27,1,maribor,GOSPOSVETSKA C. - TURNERJEVA UL.,Gosposvetska cesta 69,"{'lat': 46.562695, 'lng': 15.62935}",False,False,22,10,12,OPEN
2024-05-14 10:16:10,1,maribor,GOSPOSVETSKA C. - TURNERJEVA UL.,Gosposvetska cesta 69,"{'lat': 46.562695, 'lng': 15.62935}",False,False,22,12,10,OPEN
2024-05-14 11:10:41,1,maribor,GOSPOSVETSKA C. - TURNERJEVA UL.,Gosposvetska cesta 69,"{'lat': 46.562695, 'lng': 15.62935}",False,False,22,16,6,OPEN
2024-05-14 12:22:03,1,maribor,GOSPOSVETSKA C. - TURNERJEVA UL.,Gosposvetska cesta 69,"{'lat': 46.562695, 'lng': 15.62935}",False,False,22,20,2,OPEN
2024-05-14 13:15:12,1,maribor,GOSPOSVETSKA C. - TURNERJEVA UL.,Gosposvetska cesta 69,"{'lat': 46.562695, 'lng': 15.62935}",False,False,22,20,2,OPEN
2024-05-14 14:11:47,1,maribor,GOSPOSVETSKA C. - TURNERJEVA UL.,Gosposvetska cesta 69,"{'lat': 46.562695, 'lng': 15.62935}",False,False,22,7,15,OPEN
2024-05-14 15:16:15,1,maribor,GOSPOSVETSKA C. - TURNERJEVA UL.,Gosposvetska cesta 69,"{'lat': 46.562695, 'lng': 15.62935}",False,False,22,8,14,OPEN
2024-05-14 16:16:48,1,maribor,GOSPOSVETSKA C. - TURNERJEVA UL.,Gosposvetska cesta 69,"{'lat': 46.562695, 'lng': 15.62935}",False,False,22,11,11,OPEN
2024-05-14 17:12:02,1,maribor,GOSPOSVETSKA C. - TURNERJEVA UL.,Gosposvetska cesta 69,"{'lat': 46.562695, 'lng': 15.62935}",False,False,22,12,10,OPEN
2024-05-14 18:22:54,1,maribor,GOSPOSVETSKA C. - TURNERJEVA UL.,Gosposvetska cesta 69,"{'lat': 46.562695, 'lng': 15.62935}",False,False,22,8,14,OPEN
2024-05-14 19:10:37,1,maribor,GOSPOSVETSKA C. - TURNERJEVA UL.,Gosposvetska cesta 69,"{'lat': 46.562695, 'lng': 15.62935}",False,False,22,4,18,OPEN
2024-05-14 20:19:12,1,maribor,GOSPOSVETSKA C. - TURNERJEVA UL.,Gosposvetska cesta 69,"{'lat': 46.562695, 'lng': 15.62935}",False,False,22,3,19,OPEN
2024-05-14 21:15:40,1,maribor,GOSPOSVETSKA C. - TURNERJEVA UL.,Gosposvetska cesta 69,"{'lat': 46.562695, 'lng': 15.62935}",False,False,22,1,21,OPEN
2024-05-14 22:06:07,1,maribor,GOSPOSVETSKA C. - TURNERJEVA UL.,Gosposvetska cesta 69,"{'lat': 46.562695, 'lng': 15.62935}",False,False,22,0,22,OPEN
2024-05-14 23:09:50,1,maribor,GOSPOSVETSKA C. - TURNERJEVA UL.,Gosposvetska cesta 69,"{'lat': 46.562695, 'lng': 15.62935}",False,False,22,4,18,OPEN
2024-05-15 01:59:31,1,maribor,GOSPOSVETSKA C. - TURNERJEVA UL.,Gosposvetska cesta 69,"{'lat': 46.562695, 'lng': 15.62935}",False,False,22,22,0,OPEN
2024-05-15 02:31:10,1,maribor,GOSPOSVETSKA C. - TURNERJEVA UL.,Gosposvetska cesta 69,"{'lat': 46.562695, 'lng': 15.62935}",False,False,22,22,0,OPEN
2024-05-15 03:13:44,1,maribor,GOSPOSVETSKA C. - TURNERJEVA UL.,Gosposvetska cesta 69,"{'lat': 46.562695, 'lng': 15.62935}",False,False,22,21,1,OPEN
2024-05-15 04:12:06,1,maribor,GOSPOSVETSKA C. - TURNERJEVA UL.,Gosposvetska cesta 69,"{'lat': 46.562695, 'lng': 15.62935}",False,False,22,21,1,OPEN
2024-05-15 05:12:38,1,maribor,GOSPOSVETSKA C. - TURNERJEVA UL.,Gosposvetska cesta 69,"{'lat': 46.562695, 'lng': 15.62935}",False,False,22,22,0,OPEN
2024-05-15 06:13:16,1,maribor,GOSPOSVETSKA C. - TURNERJEVA UL.,Gosposvetska cesta 69,"{'lat': 46.562695, 'lng': 15.62935}",False,False,22,22,0,OPEN
2024-05-15 07:13:51,1,maribor,GOSPOSVETSKA C. - TURNERJEVA UL.,Gosposvetska cesta 69,"{'lat': 46.562695, 'lng': 15.62935}",False,False,22,22,0,OPEN
2024-05-15 08:14:40,1,maribor,GOSPOSVETSKA C. - TURNERJEVA UL.,Gosposvetska cesta 69,"{'lat': 46.562695, 'lng': 15.62935}",False,False,22,15,7,OPEN
2024-05-15 09:16:21,1,maribor,GOSPOSVETSKA C. - TURNERJEVA UL.,Gosposvetska cesta 69,"{'lat': 46.562695, 'lng': 15.62935}",False,False,22,22,0,OPEN
2024-05-15 10:06:04,1,maribor,GOSPOSVETSKA C. - TURNERJEVA UL.,Gosposvetska cesta 69,"{'lat': 46.562695, 'lng': 15.62935}",False,False,22,22,0,OPEN
2024-05-15 11:06:57,1,maribor,GOSPOSVETSKA C. - TURNERJEVA UL.,Gosposvetska cesta 69,"{'lat': 46.562695, 'lng': 15.62935}",False,False,22,22,0,OPEN
2024-05-15 12:25:10,1,maribor,GOSPOSVETSKA C. - TURNERJEVA UL.,Gosposvetska cesta 69,"{'lat': 46.562695, 'lng': 15.62935}",False,False,22,20,2,OPEN
2024-05-15 13:14:05,1,maribor,GOSPOSVETSKA C. - TURNERJEVA UL.,Gosposvetska cesta 69,"{'lat': 46.562695, 'lng': 15.62935}",False,False,22,20,2,OPEN
2024-05-15 14:27:14,1,maribor,GOSPOSVETSKA C. - TURNERJEVA UL.,Gosposvetska cesta 69,"{'lat': 46.562695, 'lng': 15.62935}",False,False,22,17,5,OPEN
2024-05-15 15:10:39,1,maribor,GOSPOSVETSKA C. - TURNERJEVA UL.,Gosposvetska cesta 69,"{'lat': 46.562695, 'lng': 15.62935}",False,False,22,0,22,OPEN
2024-05-15 16:14:39,1,maribor,GOSPOSVETSKA C. - TURNERJEVA UL.,Gosposvetska cesta 69,"{'lat': 46.562695, 'lng': 15.62935}",False,False,22,2,20,OPEN
2024-05-15 17:16:30,1,maribor,GOSPOSVETSKA C. - TURNERJEVA UL.,Gosposvetska cesta 69,"{'lat': 46.562695, 'lng': 15.62935}",False,False,22,19,3,OPEN
2024-05-15 18:17:15,1,maribor,GOSPOSVETSKA C. - TURNERJEVA UL.,Gosposvetska cesta 69,"{'lat': 46.562695, 'lng': 15.62935}",False,False,22,11,11,OPEN
2024-05-15 19:14:27,1,maribor,GOSPOSVETSKA C. - TURNERJEVA UL.,Gosposvetska cesta 69,"{'lat': 46.562695, 'lng': 15.62935}",False,False,22,12,10,OPEN
2024-05-15 20:15:16,1,maribor,GOSPOSVETSKA C. - TURNERJEVA UL.,Gosposvetska cesta 69,"{'lat': 46.562695, 'lng': 15.62935}",False,False,22,10,12,OPEN
2024-05-15 21:05:46,1,maribor,GOSPOSVETSKA C. - TURNERJEVA UL.,Gosposvetska cesta 69,"{'lat': 46.562695, 'lng': 15.62935}",False,False,22,8,14,OPEN
2024-05-15 22:10:33,1,maribor,GOSPOSVETSKA C. - TURNERJEVA UL.,Gosposvetska cesta 69,"{'lat': 46.562695, 'lng': 15.62935}",False,False,22,6,16,OPEN
2024-05-15 23:11:07,1,maribor,GOSPOSVETSKA C. - TURNERJEVA UL.,Gosposvetska cesta 69,"{'lat': 46.562695, 'lng': 15.62935}",False,False,22,5,17,OPEN
2024-05-16 01:51:18,1,maribor,GOSPOSVETSKA C. - TURNERJEVA UL.,Gosposvetska cesta 69,"{'lat': 46.562695, 'lng': 15.62935}",False,False,22,7,15,OPEN
2024-05-16 02:21:34,1,maribor,GOSPOSVETSKA C. - TURNERJEVA UL.,Gosposvetska cesta 69,"{'lat': 46.562695, 'lng': 15.62935}",False,False,22,7,15,OPEN
2024-05-16 03:12:01,1,maribor,GOSPOSVETSKA C. - TURNERJEVA UL.,Gosposvetska cesta 69,"{'lat': 46.562695, 'lng': 15.62935}",False,False,22,7,15,OPEN
2024-05-16 04:14:22,1,maribor,GOSPOSVETSKA C. - TURNERJEVA UL.,Gosposvetska cesta 69,"{'lat': 46.562695, 'lng': 15.62935}",False,False,22,8,14,OPEN
2024-05-16 06:15:07,1,maribor,GOSPOSVETSKA C. - TURNERJEVA UL.,Gosposvetska cesta 69,"{'lat': 46.562695, 'lng': 15.62935}",False,False,22,20,2,OPEN
2024-05-16 07:16:23,1,maribor,GOSPOSVETSKA C. - TURNERJEVA UL.,Gosposvetska cesta 69,"{'lat': 46.562695, 'lng': 15.62935}",False,False,22,14,8,OPEN
2024-05-16 08:13:58,1,maribor,GOSPOSVETSKA C. - TURNERJEVA UL.,Gosposvetska cesta 69,"{'lat': 46.562695, 'lng': 15.62935}",False,False,22,17,5,OPEN
2024-05-16 09:13:14,1,maribor,GOSPOSVETSKA C. - TURNERJEVA UL.,Gosposvetska cesta 69,"{'lat': 46.562695, 'lng': 15.62935}",False,False,22,12,10,OPEN
2024-05-16 10:12:25,1,maribor,GOSPOSVETSKA C. - TURNERJEVA UL.,Gosposvetska cesta 69,"{'lat': 46.562695, 'lng': 15.62935}",False,False,22,20,2,OPEN
2024-05-16 11:11:10,1,maribor,GOSPOSVETSKA C. - TURNERJEVA UL.,Gosposvetska cesta 69,"{'lat': 46.562695, 'lng': 15.62935}",False,False,22,17,5,OPEN
2024-05-16 12:22:20,1,maribor,GOSPOSVETSKA C. - TURNERJEVA UL.,Gosposvetska cesta 69,"{'lat': 46.562695, 'lng': 15.62935}",False,False,22,19,3,OPEN
2024-05-16 13:15:27,1,maribor,GOSPOSVETSKA C. - TURNERJEVA UL.,Gosposvetska cesta 69,"{'lat': 46.562695, 'lng': 15.62935}",False,False,22,19,3,OPEN
2024-05-16 14:12:49,1,maribor,GOSPOSVETSKA C. - TURNERJEVA UL.,Gosposvetska cesta 69,"{'lat': 46.562695, 'lng': 15.62935}",False,False,22,6,16,OPEN
2024-05-16 15:12:31,1,maribor,GOSPOSVETSKA C. - TURNERJEVA UL.,Gosposvetska cesta 69,"{'lat': 46.562695, 'lng': 15.62935}",False,False,22,17,5,OPEN
2024-05-16 16:13:16,1,maribor,GOSPOSVETSKA C. - TURNERJEVA UL.,Gosposvetska cesta 69,"{'lat': 46.562695, 'lng': 15.62935}",False,False,22,13,9,OPEN
2024-05-16 17:14:04,1,maribor,GOSPOSVETSKA C. - TURNERJEVA UL.,Gosposvetska cesta 69,"{'lat': 46.562695, 'lng': 15.62935}",False,False,22,12,10,OPEN
2024-05-16 18:14:39,1,maribor,GOSPOSVETSKA C. - TURNERJEVA UL.,Gosposvetska cesta 69,"{'lat': 46.562695, 'lng': 15.62935}",False,False,22,10,12,OPEN
2024-05-16 19:05:10,1,maribor,GOSPOSVETSKA C. - TURNERJEVA UL.,Gosposvetska cesta 69,"{'lat': 46.562695, 'lng': 15.62935}",False,False,22,9,13,OPEN
2024-05-16 20:05:43,1,maribor,GOSPOSVETSKA C. - TURNERJEVA UL.,Gosposvetska cesta 69,"{'lat': 46.562695, 'lng': 15.62935}",False,False,22,9,13,OPEN
2024-05-16 21:06:18,1,maribor,GOSPOSVETSKA C. - TURNERJEVA UL.,Gosposvetska cesta 69,"{'lat': 46.562695, 'lng': 15.62935}",False,False,22,9,13,OPEN
2024-05-16 22:13:28,1,maribor,GOSPOSVETSKA C. - TURNERJEVA UL.,Gosposvetska cesta 69,"{'lat': 46.562695, 'lng': 15.62935}",False,False,22,10,12,OPEN
2024-05-16 23:07:27,1,maribor,GOSPOSVETSKA C. - TURNERJEVA UL.,Gosposvetska cesta 69,"{'lat': 46.562695, 'lng': 15.62935}",False,False,22,10,12,OPEN
2024-05-17 01:51:19,1,maribor,GOSPOSVETSKA C. - TURNERJEVA UL.,Gosposvetska cesta 69,"{'lat': 46.562695, 'lng': 15.62935}",False,False,22,10,12,OPEN
2024-05-17 02:21:34,1,maribor,GOSPOSVETSKA C. - TURNERJEVA UL.,Gosposvetska cesta 69,"{'lat': 46.562695, 'lng': 15.62935}",False,False,22,10,12,OPEN
2024-05-17 03:12:03,1,maribor,GOSPOSVETSKA C. - TURNERJEVA UL.,Gosposvetska cesta 69,"{'lat': 46.562695, 'lng': 15.62935}",False,False,22,11,11,OPEN
2024-05-17 04:12:35,1,maribor,GOSPOSVETSKA C. - TURNERJEVA UL.,Gosposvetska cesta 69,"{'lat': 46.562695, 'lng': 15.62935}",False,False,22,11,11,OPEN
2024-05-17 05:13:57,1,maribor,GOSPOSVETSKA C. - TURNERJEVA UL.,Gosposvetska cesta 69,"{'lat': 46.562695, 'lng': 15.62935}",False,False,22,16,6,OPEN
2024-05-17 06:16:59,1,maribor,GOSPOSVETSKA C. - TURNERJEVA UL.,Gosposvetska cesta 69,"{'lat': 46.562695, 'lng': 15.62935}",False,False,22,17,5,OPEN
2024-05-17 07:13:04,1,maribor,GOSPOSVETSKA C. - TURNERJEVA UL.,Gosposvetska cesta 69,"{'lat': 46.562695, 'lng': 15.62935}",False,False,22,21,1,OPEN
2024-05-17 08:17:08,1,maribor,GOSPOSVETSKA C. - TURNERJEVA UL.,Gosposvetska cesta 69,"{'lat': 46.562695, 'lng': 15.62935}",False,False,22,19,3,OPEN
2024-05-17 09:14:54,1,maribor,GOSPOSVETSKA C. - TURNERJEVA UL.,Gosposvetska cesta 69,"{'lat': 46.562695, 'lng': 15.62935}",False,False,22,22,0,OPEN
2024-05-17 10:11:11,1,maribor,GOSPOSVETSKA C. - TURNERJEVA UL.,Gosposvetska cesta 69,"{'lat': 46.562695, 'lng': 15.62935}",False,False,22,21,1,OPEN
2024-05-17 11:09:46,1,maribor,GOSPOSVETSKA C. - TURNERJEVA UL.,Gosposvetska cesta 69,"{'lat': 46.562695, 'lng': 15.62935}",False,False,22,19,3,OPEN
2024-05-17 12:22:31,1,maribor,GOSPOSVETSKA C. - TURNERJEVA UL.,Gosposvetska cesta 69,"{'lat': 46.562695, 'lng': 15.62935}",False,False,22,20,2,OPEN
2024-05-17 13:19:30,1,maribor,GOSPOSVETSKA C. - TURNERJEVA UL.,Gosposvetska cesta 69,"{'lat': 46.562695, 'lng': 15.62935}",False,False,22,7,15,OPEN
2024-05-17 14:10:46,1,maribor,GOSPOSVETSKA C. - TURNERJEVA UL.,Gosposvetska cesta 69,"{'lat': 46.562695, 'lng': 15.62935}",False,False,22,17,5,OPEN
2024-05-17 15:11:36,1,maribor,GOSPOSVETSKA C. - TURNERJEVA UL.,Gosposvetska cesta 69,"{'lat': 46.562695, 'lng': 15.62935}",False,False,22,13,9,OPEN
2024-05-17 16:12:31,1,maribor,GOSPOSVETSKA C. - TURNERJEVA UL.,Gosposvetska cesta 69,"{'lat': 46.562695, 'lng': 15.62935}",False,False,22,17,5,OPEN
2024-05-17 17:11:41,1,maribor,GOSPOSVETSKA C. - TURNERJEVA UL.,Gosposvetska cesta 69,"{'lat': 46.562695, 'lng': 15.62935}",False,False,22,17,5,OPEN
2024-05-17 18:14:55,1,maribor,GOSPOSVETSKA C. - TURNERJEVA UL.,Gosposvetska cesta 69,"{'lat': 46.562695, 'lng': 15.62935}",False,False,22,20,2,OPEN
2024-05-17 19:14:46,1,maribor,GOSPOSVETSKA C. - TURNERJEVA UL.,Gosposvetska cesta 69,"{'lat': 46.562695, 'lng': 15.62935}",False,False,22,21,1,OPEN
2024-05-17 20:15:21,1,maribor,GOSPOSVETSKA C. - TURNERJEVA UL.,Gosposvetska cesta 69,"{'lat': 46.562695, 'lng': 15.62935}",False,False,22,17,5,OPEN
2024-05-17 22:10:18,1,maribor,GOSPOSVETSKA C. - TURNERJEVA UL.,Gosposvetska cesta 69,"{'lat': 46.562695, 'lng': 15.62935}",False,False,22,12,10,OPEN
2024-05-17 23:07:22,1,maribor,GOSPOSVETSKA C. - TURNERJEVA UL.,Gosposvetska cesta 69,"{'lat': 46.562695, 'lng': 15.62935}",False,False,22,10,12,OPEN
2024-05-18 01:50:48,1,maribor,GOSPOSVETSKA C. - TURNERJEVA UL.,Gosposvetska cesta 69,"{'lat': 46.562695, 'lng': 15.62935}",False,False,22,15,7,OPEN
2024-05-18 02:21:03,1,maribor,GOSPOSVETSKA C. - TURNERJEVA UL.,Gosposvetska cesta 69,"{'lat': 46.562695, 'lng': 15.62935}",False,False,22,15,7,OPEN
2024-05-18 03:11:30,1,maribor,GOSPOSVETSKA C. - TURNERJEVA UL.,Gosposvetska cesta 69,"{'lat': 46.562695, 'lng': 15.62935}",False,False,22,15,7,OPEN
2024-05-18 04:12:02,1,maribor,GOSPOSVETSKA C. - TURNERJEVA UL.,Gosposvetska cesta 69,"{'lat': 46.562695, 'lng': 15.62935}",False,False,22,15,7,OPEN
2024-05-18 05:12:34,1,maribor,GOSPOSVETSKA C. - TURNERJEVA UL.,Gosposvetska cesta 69,"{'lat': 46.562695, 'lng': 15.62935}",False,False,22,15,7,OPEN
2024-05-18 06:13:15,1,maribor,GOSPOSVETSKA C. - TURNERJEVA UL.,Gosposvetska cesta 69,"{'lat': 46.562695, 'lng': 15.62935}",False,False,22,22,0,OPEN
2024-05-18 07:03:41,1,maribor,GOSPOSVETSKA C. - TURNERJEVA UL.,Gosposvetska cesta 69,"{'lat': 46.562695, 'lng': 15.62935}",False,False,22,22,0,OPEN
2024-05-18 08:14:18,1,maribor,GOSPOSVETSKA C. - TURNERJEVA UL.,Gosposvetska cesta 69,"{'lat': 46.562695, 'lng': 15.62935}",False,False,22,22,0,OPEN
2024-05-18 09:04:45,1,maribor,GOSPOSVETSKA C. - TURNERJEVA UL.,Gosposvetska cesta 69,"{'lat': 46.562695, 'lng': 15.62935}",False,False,22,20,2,OPEN
2024-05-18 10:06:07,1,maribor,GOSPOSVETSKA C. - TURNERJEVA UL.,Gosposvetska cesta 69,"{'lat': 46.562695, 'lng': 15.62935}",False,False,22,20,2,OPEN
2024-05-18 11:06:06,1,maribor,GOSPOSVETSKA C. - TURNERJEVA UL.,Gosposvetska cesta 69,"{'lat': 46.562695, 'lng': 15.62935}",False,False,22,22,0,OPEN
2024-05-18 12:21:15,1,maribor,GOSPOSVETSKA C. - TURNERJEVA UL.,Gosposvetska cesta 69,"{'lat': 46.562695, 'lng': 15.62935}",False,False,22,20,2,OPEN
2024-05-18 13:11:28,1,maribor,GOSPOSVETSKA C. - TURNERJEVA UL.,Gosposvetska cesta 69,"{'lat': 46.562695, 'lng': 15.62935}",False,False,22,20,2,OPEN
2024-05-18 14:07:55,1,maribor,GOSPOSVETSKA C. - TURNERJEVA UL.,Gosposvetska cesta 69,"{'lat': 46.562695, 'lng': 15.62935}",False,False,22,19,3,OPEN
2024-05-18 15:08:34,1,maribor,GOSPOSVETSKA C. - TURNERJEVA UL.,Gosposvetska cesta 69,"{'lat': 46.562695, 'lng': 15.62935}",False,False,22,19,3,OPEN
2024-05-18 16:09:14,1,maribor,GOSPOSVETSKA C. - TURNERJEVA UL.,Gosposvetska cesta 69,"{'lat': 46.562695, 'lng': 15.62935}",False,False,22,19,3,OPEN
2024-05-18 17:09:52,1,maribor,GOSPOSVETSKA C. - TURNERJEVA UL.,Gosposvetska cesta 69,"{'lat': 46.562695, 'lng': 15.62935}",False,False,22,22,0,OPEN
2024-05-18 18:13:34,1,maribor,GOSPOSVETSKA C. - TURNERJEVA UL.,Gosposvetska cesta 69,"{'lat': 46.562695, 'lng': 15.62935}",False,False,22,18,4,OPEN
2024-05-18 19:11:08,1,maribor,GOSPOSVETSKA C. - TURNERJEVA UL.,Gosposvetska cesta 69,"{'lat': 46.562695, 'lng': 15.62935}",False,False,22,16,6,OPEN
2024-05-18 20:11:49,1,maribor,GOSPOSVETSKA C. - TURNERJEVA UL.,Gosposvetska cesta 69,"{'lat': 46.562695, 'lng': 15.62935}",False,False,22,22,0,OPEN
2024-05-18 21:12:25,1,maribor,GOSPOSVETSKA C. - TURNERJEVA UL.,Gosposvetska cesta 69,"{'lat': 46.562695, 'lng': 15.62935}",False,False,22,17,5,OPEN
2024-05-18 22:12:57,1,maribor,GOSPOSVETSKA C. - TURNERJEVA UL.,Gosposvetska cesta 69,"{'lat': 46.562695, 'lng': 15.62935}",False,False,22,12,10,OPEN
2024-05-18 23:03:32,1,maribor,GOSPOSVETSKA C. - TURNERJEVA UL.,Gosposvetska cesta 69,"{'lat': 46.562695, 'lng': 15.62935}",False,False,22,18,4,OPEN
2024-05-19 01:59:14,1,maribor,GOSPOSVETSKA C. - TURNERJEVA UL.,Gosposvetska cesta 69,"{'lat': 46.562695, 'lng': 15.62935}",False,False,22,4,18,OPEN
2024-05-19 02:31:11,1,maribor,GOSPOSVETSKA C. - TURNERJEVA UL.,Gosposvetska cesta 69,"{'lat': 46.562695, 'lng': 15.62935}",False,False,22,2,20,OPEN
